Descrição,Data,Qntd,"Unidade Origem
(Saída)","Unidade Destino
(Entrada)"
Pote Kraft 80ml - c/ 50un,02/01/2026,1 ,Estoque - MH,Unidade - Ahú
Waffle,02/01/2026,10 ,Fábrica,Unidade - Ahú
Waffle,02/01/2026,10 ,Fábrica,Unidade - Alto da XV
Morango Bandeja - c/ 250gr,02/01/2026,1 ,Compras,Unidade - Ahú
Banana,02/01/2026,2 ,Compras,Unidade - Ahú
Pote Kraft 80ml - c/ 50un,03/01/2026,4 ,Estoque - MH,Unidade - Ahú
Ki-Cascão Conny - c/ 120un,03/01/2026,2 ,Estoque - MH,Unidade - Ahú
Ki-Casquinha Conny - c/ 240un,03/01/2026,1 ,Estoque - MH,Unidade - Ahú
Pázinha Curta Branca - c/ 500un,03/01/2026,1 ,Estoque - MH,Unidade - Ahú
Leite UHT Integral - 1kg,03/01/2026,4 ,Unidade - Alto da XV,Unidade - Ahú
Ki-Cascão Conny - c/ 120un,03/01/2026,1 ,Estoque - MH,Unidade - Alto da XV
Ki-Casquinha Conny - c/ 240un,03/01/2026,1 ,Estoque - MH,Unidade - Alto da XV
Pote Kraft 480ml - c/ 50un,03/01/2026,1 ,Estoque - MH,Unidade - Alto da XV
Tampa p/ Pote Kraft 480ml - c/ 50un,03/01/2026,1 ,Estoque - MH,Unidade - Alto da XV
Copo 300ml Descartável - c/ 100un,03/01/2026,1 ,Estoque - MH,Unidade - Alto da XV
Água Crystal - Garrafa - (500ml),03/01/2026,12 ,Compras,Unidade - Alto da XV
Coca Cola Sem Açucar - Lata - (350ml),03/01/2026,6 ,Compras,Unidade - Alto da XV
Água Crystal - Garrafa - (500ml),03/01/2026,24 ,Compras,Unidade - Ahú
Coca Cola Sem Açucar - Lata - (350ml),03/01/2026,6 ,Compras,Unidade - Ahú
Waffle,03/01/2026,8 ,Fábrica,Unidade - Ahú
Morango Bandeja - c/ 250gr,03/01/2026,1 ,Compras,Unidade - Ahú
Morango Bandeja - c/ 250gr,03/01/2026,1 ,Compras,Unidade - Alto da XV
Banana,03/01/2026,2 ,Compras,Unidade - Alto da XV
Água Crystal Com Gás - Garrafa - (500ml),04/01/2026,12 ,Compras,Unidade - Alto da XV
Pote Kraft 80ml - c/ 50un,04/01/2026,100 ,Estoque - MH,Unidade - Alto da XV
Quiche Capresse - 1un,05/01/2026,6 ,Compras,Unidade - Ahú
Sanduíche de Carne - 1un,05/01/2026,12 ,Compras,Unidade - Ahú
Sanduíche de Frango - 1un,05/01/2026,12 ,Compras,Unidade - Ahú
Sanduíche de Pernil - 1un,05/01/2026,12 ,Compras,Unidade - Ahú
Sanduíche de Parma - 1un,05/01/2026,12 ,Compras,Unidade - Ahú
Sanduíche de Mortadela - 1un,05/01/2026,12 ,Compras,Unidade - Ahú
Quiche de Alho Poró - 1un,05/01/2026,6 ,Compras,Unidade - Ahú
Coca Cola - Lata - (350ml),05/01/2026,12 ,Compras,Unidade - Ahú
Coca Cola Sem Açucar - Lata - (350ml),05/01/2026,6 ,Compras,Unidade - Ahú
Pote Kraft 80ml - c/ 50un,06/01/2026,4 ,Estoque - MH,Unidade - Ahú
Pote Kraft 120ml - c/ 50un,06/01/2026,2 ,Estoque - MH,Unidade - Ahú
Pázinha Curta Branca - c/ 500un,06/01/2026,3 ,Estoque - MH,Unidade - Ahú
Ki-Cascão Conny - c/ 120un,06/01/2026,2 ,Estoque - MH,Unidade - Ahú
Ki-Casquinha Conny - c/ 240un,06/01/2026,1 ,Estoque - MH,Unidade - Ahú
Guardanapo 20x20 - c/ 100un,06/01/2026,4 ,Estoque - MH,Unidade - Ahú
Pote 200ml Descartável - c/ 50un,06/01/2026,2 ,Estoque - MH,Unidade - Ahú
Copo 300ml Descartável - c/ 100un,06/01/2026,1 ,Estoque - MH,Unidade - Ahú
Nutella Pote - 650gr,06/01/2026,2 ,Estoque - MH,Unidade - Ahú
Papel Interfolhado 20x20 Branco 2 Dobras - c/ 1.000un,06/01/2026,1 ,Estoque - MH,Unidade - Ahú
Pote p/ Molho 30ml Galvanotek G695 - c/ 10un,06/01/2026,2 ,Estoque - MH,Unidade - Ahú
Álcool Líquido 70% - 5 Litros,06/01/2026,1 ,Estoque - MH,Unidade - Ahú
Pote 100ml Descartável - c/ 100un,06/01/2026,1 ,Estoque - MH,Unidade - Alto da XV
Álcool Líquido 70% - 5 Litros,06/01/2026,1 ,Estoque - MH,Unidade - Alto da XV
Esponja Multiuso Dupla Face AM/VD,06/01/2026,4 ,Estoque - MH,Unidade - Alto da XV
Pázinha Curta Branca - c/ 500un,06/01/2026,6 ,Estoque - MH,Unidade - Alto da XV
Ki-Cascão Conny - c/ 120un,06/01/2026,2 ,Estoque - MH,Unidade - Alto da XV
Ki-Casquinha Conny - c/ 240un,06/01/2026,1 ,Estoque - MH,Unidade - Alto da XV
Pote 200ml Descartável - c/ 50un,06/01/2026,3 ,Estoque - MH,Unidade - Alto da XV
Pote p/ Molho 30ml Galvanotek G695 - c/ 10un,06/01/2026,8 ,Estoque - MH,Unidade - Alto da XV
Etiquetas Adesivas Brancas Grande - 50x30mm,06/01/2026,4 ,Estoque - MH,Unidade - Alto da XV
Waffle,06/01/2026,10 ,Fábrica,Unidade - Alto da XV
Sanduíche de Parma - 1un,06/01/2026,1 ,Fábrica,Unidade - Alto da XV
Sanduíche de Carne - 1un,06/01/2026,2 ,Fábrica,Unidade - Alto da XV
Sanduíche de Pernil - 1un,06/01/2026,3 ,Fábrica,Unidade - Alto da XV
Waffle,07/01/2026,10 ,Fábrica,Unidade - Ahú
Pázinha Curta Branca - c/ 500un,08/01/2026,1 ,Estoque - MH,Unidade - Alto da XV
Água Crystal - Garrafa - (500ml),08/01/2026,12 ,Compras,Unidade - Ahú
Água Crystal Com Gás - Garrafa - (500ml),08/01/2026,12 ,Compras,Unidade - Ahú
Água,09/01/2026,24 ,Compras,Unidade - Ahú
Água com Gás,09/01/2026,24 ,Compras,Unidade - Ahú
Coca Cola - Lata - (350ml),09/01/2026,12 ,Compras,Unidade - Ahú
Coca Cola Sem Açucar - Lata - (350ml),09/01/2026,12 ,Compras,Unidade - Ahú
Água Crystal - Garrafa - (500ml),09/01/2026,12 ,Compras,Unidade - Ahú
Coca Cola - Lata - (350ml),09/01/2026,12 ,Compras,Unidade - Ahú
Pote Kraft 80ml - c/ 50un,09/01/2026,6 ,Compras,Unidade - Ahú
Papel Higiênico - FD - 12 Rolos/30mt,09/01/2026,3 ,Compras,Estoque - MH
Veja Multi Uso 500ml,09/01/2026,3 ,Compras,Estoque - MH
Esponja Multiuso Dupla Face AM/VD,09/01/2026,12 ,Compras,Estoque - MH
Waffle,09/01/2026,10 ,Fábrica,Unidade - Alto da XV
Pote Kraft 80ml - c/ 50un,10/01/2026,1 ,Estoque - MH,Unidade - Alto da XV
Pázinha Curta Branca - c/ 500un,10/01/2026,1 ,Estoque - MH,Unidade - Alto da XV
Guardanapo 20x20 - c/ 100un,10/01/2026,2 ,Estoque - MH,Unidade - Alto da XV
Papel Interfolhado 20x20 Branco 2 Dobras - c/ 1.000un,10/01/2026,1 ,Estoque - MH,Unidade - Alto da XV
Água com Gás,10/01/2026,24 ,Compras,Unidade - Alto da XV
Sanduíche de Mortadela - 1un,10/01/2026,4 ,Unidade - Ahú,Unidade - Alto da XV
Sanduíche de Frango - 1un,10/01/2026,2 ,Unidade - Ahú,Unidade - Alto da XV
Sanduíche de Parma - 1un,10/01/2026,2 ,Unidade - Ahú,Unidade - Alto da XV
Waffle,12/01/2026,10 ,Fábrica,Unidade - Alto da XV
Ki-Casquinha Conny - c/ 240un,12/01/2026,1 ,Estoque - MH,Unidade - Ahú
Ki-Cascão Conny - c/ 120un,12/01/2026,2 ,Estoque - MH,Unidade - Ahú
Pote Kraft 480ml - c/ 50un,12/01/2026,1 ,Estoque - MH,Unidade - Ahú
Tampa p/ Pote Kraft 480ml - c/ 50un,12/01/2026,1 ,Estoque - MH,Unidade - Ahú
Pázinha Curta Branca - c/ 500un,12/01/2026,2 ,Estoque - MH,Unidade - Ahú
Guardanapo 20x20 - c/ 100un,12/01/2026,5 ,Estoque - MH,Unidade - Ahú
Pote 200ml Descartável - c/ 50un,12/01/2026,1 ,Estoque - MH,Unidade - Ahú
Tampa p/ Pote 200ml - c/ 50un,12/01/2026,2 ,Estoque - MH,Unidade - Ahú
Copo 300ml Descartável - c/ 100un,12/01/2026,1 ,Estoque - MH,Unidade - Ahú
Sacola PP - 25x21x10cm - c/ 20un,12/01/2026,1 ,Estoque - MH,Unidade - Ahú
Doce de Leite - 350gr,12/01/2026,1 ,Estoque - MH,Unidade - Ahú
Guardanapo Interfolhado 10x20 ROSA - c/ 5.000un,12/01/2026,1 ,Estoque - MH,Unidade - Ahú
Papel Interfolhado 20x20 Branco 2 Dobras - c/ 1.000un,12/01/2026,1 ,Estoque - MH,Unidade - Ahú
Pote p/ Molho 60ml Galvanotek G697 - c/ 20un,12/01/2026,2 ,Estoque - MH,Unidade - Ahú
Bobina Impressora - 80mm,12/01/2026,4 ,Estoque - MH,Unidade - Ahú
Saco de Lixo 20 Litros Preto Micra 4 - c/ 100un,12/01/2026,1 ,Estoque - MH,Unidade - Ahú
Saco de Lixo 40 Litros Preto Micra 4 - c/ 100un,12/01/2026,1 ,Estoque - MH,Unidade - Ahú
Saco de Lixo 60 Litros Preto Micra 8 - c/ 100un,12/01/2026,1 ,Estoque - MH,Unidade - Ahú
Álcool Líquido 70% - 5 Litros,12/01/2026,1 ,Estoque - MH,Unidade - Ahú
Detergente Neutro - 5 Litros,12/01/2026,1 ,Estoque - MH,Unidade - Ahú
Esponja Multiuso Dupla Face AM/VD,12/01/2026,5 ,Estoque - MH,Unidade - Ahú
Ki-Cascão Conny - c/ 120un,12/01/2026,1,Estoque - MH,Unidade - Alto da XV
Pázinha Curta Branca - c/ 500un,12/01/2026,1 ,Estoque - MH,Unidade - Alto da XV
Guardanapo 20x20 - c/ 100un,12/01/2026,4 ,Estoque - MH,Unidade - Alto da XV
Pote 200ml Descartável - c/ 50un,12/01/2026,1 ,Estoque - MH,Unidade - Alto da XV
Tampa p/ Pote 200ml - c/ 50un,12/01/2026,1 ,Estoque - MH,Unidade - Alto da XV
Papel Interfolhado 20x20 Branco 2 Dobras - c/ 1.000un,12/01/2026,1,Estoque - MH,Unidade - Alto da XV
Pote p/ Molho 30ml Galvanotek G695 - c/ 10un,12/01/2026,2 ,Estoque - MH,Unidade - Alto da XV
Pote p/ Molho 60ml Galvanotek G697 - c/ 20un,12/01/2026,2 ,Estoque - MH,Unidade - Alto da XV
Bobina Impressora - 80mm,12/01/2026,2 ,Estoque - MH,Unidade - Alto da XV
Álcool Líquido 70% - 5 Litros,12/01/2026,1 ,Estoque - MH,Unidade - Alto da XV
Detergente Neutro - 5 Litros,12/01/2026,1 ,Estoque - MH,Unidade - Alto da XV
Esponja Multiuso Dupla Face AM/VD,12/01/2026,8 ,Estoque - MH,Unidade - Alto da XV
Ki-Cascão Conny - c/ 120un,16/01/2026,4 ,Compras,Estoque - MH
Ki-Casquinha Conny - c/ 240un,16/01/2026,2 ,Compras,Estoque - MH
Guardanapo Interfolhado 10x20 ROSA - c/ 5.000un,16/01/2026,2 ,Compras,Estoque - MH
Pázinha Curta Branca - c/ 500un,16/01/2026,6 ,Compras,Estoque - MH
Papel Interfolhado 20x20 Branco 2 Dobras - c/ 1.000un,16/01/2026,5 ,Compras,Estoque - MH
Pote 200ml Descartável - c/ 50un,16/01/2026,8 ,Compras,Estoque - MH
Waffle,16/01/2026,6 ,Fábrica,Unidade - Alto da XV
Waffle,16/01/2026,10 ,Fábrica,Unidade - Ahú
Nutella Pote - 650gr,16/01/2026,2 ,Estoque - MH,Unidade - Alto da XV
Doce de Leite - 350gr,16/01/2026,2 ,Compras,Unidade - Batel
Pázinha Curta Branca - c/ 500un,16/01/2026,1,Estoque - MH,Unidade - Batel
Álcool em Gel 70% - 5 Litros,16/01/2026,1,Estoque - MH,Unidade - Batel
Álcool Líquido 70% - 5 Litros,16/01/2026,1,Estoque - MH,Unidade - Batel
Saco de Lixo 20 Litros Preto Micra 4 - c/ 100un,16/01/2026,1,Estoque - MH,Unidade - Batel
Pázinha Curta Branca - c/ 500un,16/01/2026,2,Estoque - MH,Unidade - Ahú
Doce de Leite - 350gr,16/01/2026,1,Compras,Unidade - Alto da XV
Coca Cola - Lata - (350ml),16/01/2026,12,Compras,Unidade - Batel
Coca Cola Sem Açucar - Lata - (350ml),16/01/2026,18,Compras,Unidade - Batel
Coca Cola - Lata - (350ml),16/01/2026,12,Compras,Unidade - Alto da XV
Coca Cola Sem Açucar - Lata - (350ml),16/01/2026,6,Compras,Unidade - Alto da XV
Água Crystal - Garrafa - (500ml),16/01/2026,12,Compras,Unidade - Alto da XV
Água Crystal Com Gás - Garrafa - (500ml),16/01/2026,12 ,Compras,Unidade - Alto da XV
Pote Kraft 80ml - c/ 50un,16/01/2026,2 ,Unidade - Ahú,Unidade - Alto da XV
Pote Kraft 80ml - c/ 50un,16/01/2026,2 ,Unidade - Ahú,Unidade - Batel
Bobina Impressora - 80mm,17/01/2026,1 ,Estoque - MH,Unidade - Batel
Pote Kraft 80ml - c/ 50un,18/01/2026,120 ,Compras,Unidade - Ahú
Waffle,19/01/2026,10 ,Fábrica,Unidade - Ahú
Pote Kraft 80ml - c/ 50un,19/01/2026,40 ,Unidade - Ahú,Estoque - MH
Pote Kraft 80ml - c/ 50un,19/01/2026,34 ,Unidade - Ahú,Estoque - MH
Pote Kraft 80ml - c/ 50un,19/01/2026,35 ,Unidade - Ahú,Estoque - MH
Touca Descartável - c/ 100un,19/01/2026,1 ,Compras,Estoque - MH
Doce de Leite - 350gr,19/01/2026,2 ,Compras,Estoque - MH
Leite UHT Integral - 1kg,20/01/2026,2 ,Estoque - MH,Unidade - Batel
Pote 200ml Descartável - c/ 50un,20/01/2026,1 ,Estoque - MH,Unidade - Batel
Papel Interfolhado 20x20 Branco 2 Dobras - c/ 1.000un,20/01/2026,1 ,Estoque - MH,Unidade - Batel
Guardanapo 20x20 - c/ 100un,20/01/2026,4 ,Estoque - MH,Unidade - Batel
Pote 200ml Descartável - c/ 50un,20/01/2026,1 ,Estoque - MH,Unidade - Alto da XV
Copo 300ml Descartável - c/ 100un,21/01/2026,1 ,Compras,Unidade - Batel
Pote Kraft 80ml - c/ 50un,22/01/2026,6 ,Estoque - MH,Unidade - Ahú
Pote Kraft 120ml - c/ 50un,22/01/2026,2 ,Estoque - MH,Unidade - Ahú
Pázinha Curta Branca - c/ 500un,22/01/2026,2 ,Estoque - MH,Unidade - Ahú
Bobina Impressora - 80mm,22/01/2026,1 ,Estoque - MH,Unidade - Ahú
Café em Grão - 1kg,22/01/2026,1 ,Estoque - MH,Unidade - Ahú
Leite UHT Integral - 1kg,22/01/2026,2 ,Estoque - MH,Unidade - Ahú
Papel Interfolhado 20x20 Branco 2 Dobras - c/ 1.000un,22/01/2026,1 ,Estoque - MH,Unidade - Ahú
Ki-Cascão Conny - c/ 120un,22/01/2026,1 ,Estoque - MH,Unidade - Ahú
Ki-Casquinha Conny - c/ 240un,22/01/2026,1 ,Estoque - MH,Unidade - Ahú
Pote Kraft 80ml - c/ 50un,22/01/2026,4 ,Estoque - MH,Unidade - Alto da XV
Pote Kraft 120ml - c/ 50un,22/01/2026,1 ,Estoque - MH,Unidade - Alto da XV
Pázinha Curta Branca - c/ 500un,22/01/2026,2 ,Estoque - MH,Unidade - Alto da XV
Guardanapo 20x20 - c/ 100un,22/01/2026,4 ,Estoque - MH,Unidade - Alto da XV
Café em Grão - 1kg,22/01/2026,1,Estoque - MH,Unidade - Alto da XV
Pote 200ml Descartável - c/ 50un,22/01/2026,1,Estoque - MH,Unidade - Alto da XV
Pano Multiuso - 28cm x 25mt,22/01/2026,1,Estoque - MH,Unidade - Alto da XV
Bobina Impressora - 80mm,22/01/2026,1,Estoque - MH,Unidade - Alto da XV
Pano Multiuso - 28cm x 25mt,23/01/2026,4 ,Compras,Estoque - MH
Saco de Lixo 20 Litros Preto Micra 4 - c/ 100un,23/01/2026,2 ,Compras,Estoque - MH
Detergente Neutro - 5 Litros,23/01/2026,2 ,Compras,Estoque - MH
Álcool Líquido 70% - 5 Litros,23/01/2026,1 ,Compras,Estoque - MH
Esponja Multiuso Dupla Face AM/VD,23/01/2026,12 ,Compras,Estoque - MH
Café em Grão - 1kg,23/01/2026,12 ,Compras,Estoque - MH
Ki-Casquinha Conny - c/ 240un,23/01/2026,1 ,Compras,Estoque - MH
Ki-Cascão Conny - c/ 120un,23/01/2026,2 ,Compras,Estoque - MH
Pázinha Curta Branca - c/ 500un,23/01/2026,6 ,Compras,Estoque - MH
Copo 300ml Descartável - c/ 100un,23/01/2026,2 ,Compras,Estoque - MH
Pano Multiuso - 28cm x 25mt,23/01/2026,2 ,Compras,Estoque - MH
Tampa p/ Pote 200ml - c/ 50un,23/01/2026,4 ,Compras,Estoque - MH
Waffle,23/01/2026,10 ,Fábrica,Unidade - Ahú
Brownie,23/01/2026,6 ,Fábrica,Unidade - Ahú
Morango Bandeja - c/ 250gr,23/01/2026,1 ,Compras,Unidade - Ahú
Água Crystal Com Gás - Garrafa - (500ml),25/01/2026,24 ,Compras,Unidade - Batel
Fanta Laranja - Lata - (350ml),25/01/2026,6 ,Compras,Unidade - Batel
Suco Del Valle Maracujá - Lata - (290ml),25/01/2026,6 ,Compras,Unidade - Batel
Suco Del Valle Pêssego - Lata - (290ml),25/01/2026,6 ,Compras,Unidade - Batel
Suco Del Valle Uva - Lata - (290ml),25/01/2026,6 ,Compras,Unidade - Batel
Coca Cola Sem Açucar - Lata - (350ml),25/01/2026,12 ,Compras,Unidade - Batel
Fanta Guaraná - Lata - (350ml),25/01/2026,6 ,Compras,Unidade - Batel
Água Crystal - Garrafa - (500ml),25/01/2026,24 ,Compras,Unidade - Batel
Pote Kraft 80ml - c/ 50un,26/01/2026,2 ,Estoque - MH,Unidade - Alto da XV
Ki-Cascão Conny - c/ 120un,26/01/2026,1 ,Estoque - MH,Unidade - Alto da XV
Pote 200ml Descartável - c/ 50un,26/01/2026,1 ,Estoque - MH,Unidade - Alto da XV
Tampa p/ Pote 200ml - c/ 50un,26/01/2026,1 ,Estoque - MH,Unidade - Alto da XV
Copo Papel Preto Parede Dupla 270ml - c/ 25un,26/01/2026,1 ,Estoque - MH,Unidade - Alto da XV
Sacola PP - 25x21x10cm - c/ 20un,26/01/2026,1 ,Estoque - MH,Unidade - Alto da XV
Nutella Pote - 650gr,26/01/2026,2 ,Estoque - MH,Unidade - Alto da XV
Doce de Leite - 350gr,26/01/2026,1 ,Estoque - MH,Unidade - Alto da XV
Papel Interfolhado 20x20 Branco 2 Dobras - c/ 1.000un,26/01/2026,1,Estoque - MH,Unidade - Alto da XV
Pote 100ml Descartável - c/ 100un,26/01/2026,1,Estoque - MH,Unidade - Alto da XV
Tampa  p/ Copo Papel 270ml - 62mm - c/ 50un,26/01/2026,1,Estoque - MH,Unidade - Alto da XV
Bobina Maquininha,26/01/2026,1,Estoque - MH,Unidade - Alto da XV
Saco de Lixo 20 Litros Preto Micra 4 - c/ 100un,26/01/2026,1,Estoque - MH,Unidade - Alto da XV
Saco de Lixo 40 Litros Preto Micra 4 - c/ 100un,26/01/2026,1,Estoque - MH,Unidade - Alto da XV
Veja Multi Uso 500ml,26/01/2026,2,Estoque - MH,Unidade - Alto da XV
Papel Higiênico - FD - 12 Rolos/30mt,26/01/2026,1,Estoque - MH,Unidade - Alto da XV
Pano Multiuso - 28cm x 25mt,26/01/2026,1 ,Estoque - MH,Unidade - Alto da XV
Pote Kraft 80ml - c/ 50un,28/01/2026,3 ,Estoque - MH,Unidade - Ahú
Ki-Cascão Conny - c/ 120un,28/01/2026,1 ,Estoque - MH,Unidade - Ahú
Pote Kraft 480ml - c/ 50un,28/01/2026,1 ,Estoque - MH,Unidade - Ahú
Tampa p/ Pote Kraft 480ml - c/ 50un,28/01/2026,1 ,Estoque - MH,Unidade - Ahú
Pázinha Curta Branca - c/ 500un,28/01/2026,2 ,Estoque - MH,Unidade - Ahú
Guardanapo 20x20 - c/ 100un,28/01/2026,6 ,Estoque - MH,Unidade - Ahú
Pote 200ml Descartável - c/ 50un,28/01/2026,2 ,Estoque - MH,Unidade - Ahú
Tampa p/ Pote 200ml - c/ 50un,28/01/2026,1 ,Estoque - MH,Unidade - Ahú
Copo Papel Preto Parede Dupla 270ml - c/ 25un,28/01/2026,1 ,Estoque - MH,Unidade - Ahú
Café em Grão - 1kg,28/01/2026,1 ,Estoque - MH,Unidade - Ahú
Guardanapo Interfolhado 10x20 ROSA - c/ 5.000un,28/01/2026,1 ,Estoque - MH,Unidade - Ahú
Papel Interfolhado 20x20 Branco 2 Dobras - c/ 1.000un,28/01/2026,2 ,Estoque - MH,Unidade - Ahú
Tampa p/ Pote 120ml - c/ 100un,28/01/2026,1 ,Estoque - MH,Unidade - Ahú
Tampa  p/ Copo Papel 270ml - 62mm - c/ 50un,28/01/2026,1 ,Estoque - MH,Unidade - Ahú
Saco de Lixo 20 Litros Preto Micra 4 - c/ 100un,28/01/2026,1 ,Estoque - MH,Unidade - Ahú
Veja Multi Uso 500ml,28/01/2026,1 ,Estoque - MH,Unidade - Ahú
Papel Higiênico - FD - 12 Rolos/30mt,28/01/2026,1 ,Estoque - MH,Unidade - Ahú
Pano Multiuso - 28cm x 25mt,28/01/2026,1 ,Estoque - MH,Unidade - Ahú
Nutella Pote - 650gr,28/01/2026,2 ,Compras,Estoque - MH
Copo Papel Preto Parede Dupla 270ml - c/ 25un,28/01/2026,3 ,Compras,Estoque - MH
Waffle,29/01/2026,6 ,Fábrica,Unidade - Ahú
Waffle,29/01/2026,4 ,Fábrica,Unidade - Alto da XV
Waffle,31/01/2026,10 ,Fábrica,Unidade - Ahú
Água,02/02/2026,24 ,Compras,Unidade - Alto da XV
Waffle,02/02/2026,10 ,Fábrica,Unidade - Alto da XV
Coca Cola Sem Açucar - Lata - (350ml),02/02/2026,24 ,Compras,Unidade - Ahú
Água Crystal Com Gás - Garrafa - (500ml),02/02/2026,48 ,Compras,Unidade - Ahú
Coca Cola - Lata - (350ml),02/02/2026,24 ,Compras,Unidade - Ahú
Água Crystal - Garrafa - (500ml),02/02/2026,72 ,Compras,Unidade - Ahú
Chá Matte Leao Limão - Copo - (300ml),02/02/2026,2 ,Compras,Unidade - Ahú
Pote Kraft 80ml - c/ 50un,02/02/2026,4,Estoque - MH,Unidade - Alto da XV
Ki-Cascão Conny - c/ 120un,02/02/2026,2 ,Estoque - MH,Unidade - Alto da XV
Ki-Casquinha Conny - c/ 240un,02/02/2026,1 ,Estoque - MH,Unidade - Alto da XV
Tampa p/ Pote Kraft 480ml - c/ 50un,02/02/2026,1 ,Estoque - MH,Unidade - Alto da XV
Pázinha Curta Branca - c/ 500un,02/02/2026,2 ,Estoque - MH,Unidade - Alto da XV
Guardanapo 20x20 - c/ 100un,02/02/2026,2 ,Estoque - MH,Unidade - Alto da XV
Pote 200ml Descartável - c/ 50un,02/02/2026,1 ,Estoque - MH,Unidade - Alto da XV
Embalagem Waffle Luva - c/ 50un,02/02/2026,1,Estoque - MH,Unidade - Alto da XV
Sacola PP - 25x21x10cm - c/ 20un,02/02/2026,1 ,Estoque - MH,Unidade - Alto da XV
Café em Grão - 1kg,02/02/2026,1 ,Estoque - MH,Unidade - Alto da XV
Papel Interfolhado 20x20 Branco 2 Dobras - c/ 1.000un,02/02/2026,2 ,Estoque - MH,Unidade - Alto da XV
Pote de Isopor 120ml - c/ 20un,02/02/2026,1 ,Estoque - MH,Unidade - Alto da XV
Saco de Papel p/ Talher 6cm x 26cm - c/ 500un,02/02/2026,1 ,Estoque - MH,Unidade - Alto da XV
Saco Kraft Delivery Liso SOS 15kg - c/ 100un,02/02/2026,1 ,Estoque - MH,Unidade - Alto da XV
Etiqueta Adesivo Redonda TP19 Preta - (PIMACO) - c/ 200un,02/02/2026,1 ,Estoque - MH,Unidade - Alto da XV
Saco de Lixo 20 Litros Preto Micra 4 - c/ 100un,02/02/2026,1 ,Estoque - MH,Unidade - Alto da XV
Veja Multi Uso 500ml,02/02/2026,1 ,Estoque - MH,Unidade - Alto da XV
Pano Multiuso - 28cm x 25mt,02/02/2026,1 ,Estoque - MH,Unidade - Alto da XV
Ki-Cascão Conny - c/ 120un,02/02/2026,1 ,Estoque - MH,Unidade - Ahú
Pázinha Curta Branca - c/ 500un,02/02/2026,2 ,Estoque - MH,Unidade - Ahú
Guardanapo 20x20 - c/ 100un,02/02/2026,4 ,Estoque - MH,Unidade - Ahú
Copo 300ml Descartável - c/ 100un,02/02/2026,1 ,Estoque - MH,Unidade - Ahú
Nutella Pote - 650gr,02/02/2026,1 ,Estoque - MH,Unidade - Ahú
Papel Interfolhado 20x20 Branco 2 Dobras - c/ 1.000un,02/02/2026,1 ,Estoque - MH,Unidade - Ahú
Água Crystal - Garrafa - (500ml),02/02/2026,31 ,Compras,Unidade - Ahú
Brownie,03/02/2026,8 ,Compras,Fábrica
Sanduíche de Parma - 1un,04/02/2026,5 ,Unidade - Ahú,Unidade - Alto da XV
Sanduíche de Carne - 1un,04/02/2026,5 ,Unidade - Ahú,Unidade - Alto da XV
Sanduíche de Frango - 1un,04/02/2026,5 ,Unidade - Ahú,Unidade - Alto da XV
Sanduíche de Pernil - 1un,04/02/2026,5 ,Unidade - Ahú,Unidade - Alto da XV
Coca Cola - Lata - (350ml),04/02/2026,12 ,Unidade - Ahú,Unidade - Alto da XV
Coca Cola Sem Açucar - Lata - (350ml),04/02/2026,6 ,Unidade - Ahú,Unidade - Alto da XV
Água,04/02/2026,12 ,Unidade - Ahú,Unidade - Alto da XV
Água com Gás,04/02/2026,12 ,Unidade - Ahú,Unidade - Alto da XV
Sanduíche de Carne - 1un,04/02/2026,12 ,Compras,Unidade - Ahú
Sanduíche de Frango - 1un,04/02/2026,12 ,Compras,Unidade - Ahú
Sanduíche de Pernil - 1un,04/02/2026,12,Compras,Unidade - Ahú
Sanduíche de Parma - 1un,04/02/2026,12,Compras,Unidade - Ahú
Sanduíche de Mortadela - 1un,04/02/2026,12,Compras,Unidade - Ahú
Ki-Cascão Conny - c/ 120un,05/02/2026,2 ,Compras,Estoque - MH
Ki-Casquinha Conny - c/ 240un,05/02/2026,1 ,Compras,Estoque - MH
Papel Interfolhado 20x20 Branco 2 Dobras - c/ 1.000un,05/02/2026,5 ,Compras,Estoque - MH
Pote 200ml Descartável - c/ 50un,05/02/2026,4 ,Compras,Estoque - MH
Pázinha Curta Branca - c/ 500un,05/02/2026,6 ,Compras,Estoque - MH
Waffle,05/02/2026,7 ,Fábrica,Unidade - Ahú
Brownie,05/02/2026,12 ,Fábrica,Unidade - Ahú
Nutella Pote - 650gr,06/02/2026,6 ,Compras,Estoque - MH
Ki-Cascão Conny - c/ 120un,06/02/2026,1 ,Estoque - MH,Unidade - Ahú
Sacola P - 26x25x12cm - c/ 20un,06/02/2026,20 ,Estoque - MH,Unidade - Ahú
Pázinha Curta Branca - c/ 500un,06/02/2026,1 ,Estoque - MH,Unidade - Ahú
Café em Grão - 1kg,06/02/2026,1 ,Estoque - MH,Unidade - Batel
Papel Interfolhado 20x20 Branco 2 Dobras - c/ 1.000un,06/02/2026,1,Estoque - MH,Unidade - Batel
Pote Kraft 80ml - c/ 50un,06/02/2026,1,Estoque - MH,Unidade - Batel
Álcool Líquido 70% - 5 Litros,06/02/2026,1 ,Estoque - MH,Unidade - Batel
Coca Cola - Lata - (350ml),06/02/2026,12 ,Unidade - Ahú,Unidade - Batel
Sanduíche de Carne - 1un,06/02/2026,3 ,Unidade - Ahú,Unidade - Batel
Sanduíche de Pernil - 1un,06/02/2026,3 ,Unidade - Ahú,Unidade - Batel
Sanduíche de Mortadela - 1un,06/02/2026,3 ,Unidade - Ahú,Unidade - Batel
Pote Kraft 80ml - c/ 50un,07/02/2026,7,Estoque - MH,Unidade - Ahú
Pázinha Curta Branca - c/ 500un,07/02/2026,1 ,Estoque - MH,Unidade - Alto da XV
Waffle,07/02/2026,10,Fábrica,Unidade - Ahú
Waffle,07/02/2026,10,Fábrica,Unidade - Alto da XV
Pote Kraft 80ml - c/ 50un,08/02/2026,1 ,Estoque - MH,Unidade - Alto da XV
Pázinha Curta Branca - c/ 500un,08/02/2026,1 ,Estoque - MH,Unidade - Alto da XV
Coca Cola - Lata - (350ml),09/02/2026,12 ,Unidade - Ahú,Unidade - Alto da XV
Coca Cola Sem Açucar - Lata - (350ml),09/02/2026,12 ,Unidade - Ahú,Unidade - Alto da XV
Pote Kraft 80ml - c/ 50un,11/02/2026,6 ,Estoque - MH,Unidade - Alto da XV
Ki-Cascão Conny - c/ 120un,11/02/2026,2 ,Estoque - MH,Unidade - Alto da XV
Ki-Casquinha Conny - c/ 240un,11/02/2026,1 ,Estoque - MH,Unidade - Alto da XV
Pote Kraft 480ml - c/ 50un,11/02/2026,1 ,Estoque - MH,Unidade - Alto da XV
Tampa p/ Pote Kraft 480ml - c/ 50un,11/02/2026,1 ,Estoque - MH,Unidade - Alto da XV
Pázinha Curta Branca - c/ 500un,11/02/2026,1 ,Estoque - MH,Unidade - Alto da XV
Guardanapo 20x20 - c/ 100un,11/02/2026,4 ,Estoque - MH,Unidade - Alto da XV
Pote 200ml Descartável - c/ 50un,11/02/2026,2 ,Estoque - MH,Unidade - Alto da XV
Tampa p/ Pote 200ml - c/ 50un,11/02/2026,1,Estoque - MH,Unidade - Alto da XV
Copo 300ml Descartável - c/ 100un,11/02/2026,1,Estoque - MH,Unidade - Alto da XV
Sacola P - 26x25x12cm - c/ 20un,11/02/2026,1 ,Estoque - MH,Unidade - Alto da XV
Café em Grão - 1kg,11/02/2026,1 ,Estoque - MH,Unidade - Alto da XV
Nutella Pote - 650gr,11/02/2026,1 ,Estoque - MH,Unidade - Alto da XV
Papel Interfolhado 20x20 Branco 2 Dobras - c/ 1.000un,11/02/2026,2 ,Estoque - MH,Unidade - Alto da XV
Saco de Lixo 60 Litros Preto Micra 8 - c/ 100un,11/02/2026,1 ,Estoque - MH,Unidade - Alto da XV
Esponja Multiuso Dupla Face AM/VD,11/02/2026,4 ,Estoque - MH,Unidade - Alto da XV
Pano Multiuso - 28cm x 25mt,11/02/2026,1 ,Estoque - MH,Unidade - Alto da XV
Ki-Cascão Conny - c/ 120un,11/02/2026,16 ,Compras,Estoque - MH
Ki-Casquinha Conny - c/ 240un,11/02/2026,4 ,Compras,Estoque - MH
Ki-Cascão Conny - c/ 120un,11/02/2026,1 ,Estoque - MH,Unidade - Ahú
Guardanapo 20x20 - c/ 100un,12/02/2026,50 ,Compras,Estoque - MH
Pázinha Curta Branca - c/ 500un,12/02/2026,6 ,Compras,Estoque - MH
Guardanapo Interfolhado 10x20 ROSA - c/ 5.000un,12/02/2026,1 ,Compras,Estoque - MH
Copo Papel Preto Parede Dupla 270ml - c/ 25un,12/02/2026,2 ,Compras,Estoque - MH
Tampa  p/ Copo Papel 270ml - 62mm - c/ 50un,12/02/2026,2 ,Compras,Estoque - MH
Pote p/ Molho 30ml Galvanotek G695 - c/ 10un,12/02/2026,2 ,Compras,Estoque - MH
Pote p/ Molho 60ml Galvanotek G697 - c/ 20un,12/02/2026,2 ,Compras,Estoque - MH
Pote Kraft 80ml - c/ 50un,12/02/2026,6 ,Estoque - MH,Unidade - Ahú
Ki-Cascão Conny - c/ 120un,12/02/2026,2 ,Estoque - MH,Unidade - Ahú
Pote Kraft 480ml - c/ 50un,12/02/2026,1 ,Estoque - MH,Unidade - Ahú
Tampa p/ Pote Kraft 480ml - c/ 50un,12/02/2026,1 ,Estoque - MH,Unidade - Ahú
Pázinha Curta Branca - c/ 500un,12/02/2026,2 ,Estoque - MH,Unidade - Ahú
Guardanapo 20x20 - c/ 100un,12/02/2026,4 ,Estoque - MH,Unidade - Ahú
Pote 200ml Descartável - c/ 50un,12/02/2026,2 ,Estoque - MH,Unidade - Ahú
Tampa p/ Pote 200ml - c/ 50un,12/02/2026,1 ,Estoque - MH,Unidade - Ahú
Sacola P - 26x25x12cm - c/ 20un,12/02/2026,1 ,Estoque - MH,Unidade - Ahú
Chocolate Quente em Pó - 1kg,12/02/2026,1 ,Estoque - MH,Unidade - Ahú
Nutella Pote - 650gr,12/02/2026,1,Estoque - MH,Unidade - Ahú
Doce de Leite - 350gr,12/02/2026,1,Estoque - MH,Unidade - Ahú
Guardanapo Interfolhado 10x20 ROSA - c/ 5.000un,12/02/2026,1,Estoque - MH,Unidade - Ahú
Papel Interfolhado 20x20 Branco 2 Dobras - c/ 1.000un,12/02/2026,1,Estoque - MH,Unidade - Ahú
Pote p/ Molho 30ml Galvanotek G695 - c/ 10un,12/02/2026,2,Estoque - MH,Unidade - Ahú
Bobina Impressora - 80mm,12/02/2026,2,Estoque - MH,Unidade - Ahú
Pote Kraft 80ml - c/ 50un,18/02/2026,3,Estoque - MH,Unidade - Alto da XV
Ki-Cascão Conny - c/ 120un,18/02/2026,2,Estoque - MH,Unidade - Alto da XV
Pázinha Curta Branca - c/ 500un,18/02/2026,2,Estoque - MH,Unidade - Alto da XV
Guardanapo 20x20 - c/ 100un,18/02/2026,3 ,Estoque - MH,Unidade - Alto da XV
Pote 200ml Descartável - c/ 50un,18/02/2026,1 ,Estoque - MH,Unidade - Alto da XV
Café em Grão - 1kg,18/02/2026,1 ,Estoque - MH,Unidade - Alto da XV
Papel Interfolhado 20x20 Branco 2 Dobras - c/ 1.000un,18/02/2026,1 ,Estoque - MH,Unidade - Alto da XV
Canudo Biodegradável - c/ 100un,18/02/2026,1 ,Estoque - MH,Unidade - Alto da XV
Esponja Multiuso Dupla Face AM/VD,18/02/2026,4,Estoque - MH,Unidade - Alto da XV
Pano Multiuso - 28cm x 25mt,18/02/2026,1,Estoque - MH,Unidade - Alto da XV
Coca Cola Sem Açucar - Lata - (350ml),18/02/2026,24 ,Compras,Unidade - Ahú
Suco Del Valle Uva - Lata - (290ml),18/02/2026,12 ,Compras,Unidade - Ahú
Suco Del Valle Manga - Lata - (290ml),18/02/2026,12 ,Compras,Unidade - Ahú
Chá Matte Leao Limão - Copo - (300ml),18/02/2026,2 ,Compras,Unidade - Ahú
Coca Cola - Lata - (350ml),18/02/2026,24 ,Compras,Unidade - Ahú
Suco Del Valle Goiaba - Lata - (290ml),18/02/2026,12 ,Compras,Unidade - Ahú
Água Crystal - Garrafa - (500ml),18/02/2026,72 ,Compras,Unidade - Ahú
Suco Del Valle Pêssego - Lata - (290ml),18/02/2026,12 ,Compras,Unidade - Ahú
Suco Del Valle Maracujá - Lata - (290ml),18/02/2026,12 ,Compras,Unidade - Ahú
Coca Cola - Lata - (350ml),19/02/2026,12 ,Unidade - Ahú,Unidade - Alto da XV
Coca Cola Sem Açucar - Lata - (350ml),19/02/2026,6 ,Unidade - Ahú,Unidade - Alto da XV
Suco Del Valle Maracujá - Lata - (290ml),19/02/2026,6 ,Unidade - Ahú,Unidade - Alto da XV
Suco Del Valle Manga - Lata - (290ml),19/02/2026,6 ,Unidade - Ahú,Unidade - Alto da XV
Suco Del Valle Pêssego - Lata - (290ml),19/02/2026,6 ,Unidade - Ahú,Unidade - Alto da XV
Suco Del Valle Goiaba - Lata - (290ml),19/02/2026,6 ,Unidade - Ahú,Unidade - Alto da XV
Suco Del Valle Uva - Lata - (290ml),19/02/2026,6,Unidade - Ahú,Unidade - Alto da XV
Pázinha Curta Branca - c/ 500un,19/02/2026,6 ,Compras,Estoque - MH
Pote 200ml Descartável - c/ 50un,19/02/2026,4,Compras,Estoque - MH
Tampa p/ Pote 200ml - c/ 50un,19/02/2026,4,Compras,Estoque - MH
Papel Interfolhado 20x20 Branco 2 Dobras - c/ 1.000un,19/02/2026,5,Compras,Estoque - MH
Pote Kraft 80ml - c/ 50un,19/02/2026,2,Estoque - MH,Unidade - Ahú
Pázinha Curta Branca - c/ 500un,19/02/2026,1,Estoque - MH,Unidade - Ahú
Waffle,19/02/2026,10,Fábrica,Unidade - Ahú
Brownie,19/02/2026,4,Fábrica,Unidade - Ahú
Chá Matte Leao Limão - Copo - (300ml),19/02/2026,12,Unidade - Ahú,Unidade - Alto da XV
Pote Kraft 80ml - c/ 50un,19/02/2026,3,Estoque - MH,Unidade - Ahú
Ki-Cascão Conny - c/ 120un,19/02/2026,2 ,Estoque - MH,Unidade - Ahú
Pote Kraft 480ml - c/ 50un,19/02/2026,1 ,Estoque - MH,Unidade - Ahú
Tampa p/ Pote Kraft 480ml - c/ 50un,19/02/2026,1 ,Estoque - MH,Unidade - Ahú
Pázinha Curta Branca - c/ 500un,19/02/2026,1 ,Estoque - MH,Unidade - Ahú
Guardanapo 20x20 - c/ 100un,19/02/2026,6 ,Estoque - MH,Unidade - Ahú
Pote 200ml Descartável - c/ 50un,19/02/2026,2 ,Estoque - MH,Unidade - Ahú
Tampa p/ Pote 200ml - c/ 50un,19/02/2026,1 ,Estoque - MH,Unidade - Ahú
Sacola P - 26x25x12cm - c/ 20un,19/02/2026,1 ,Estoque - MH,Unidade - Ahú
Café em Grão - 1kg,19/02/2026,1 ,Estoque - MH,Unidade - Ahú
Nutella Pote - 650gr,19/02/2026,1 ,Estoque - MH,Unidade - Ahú
Papel Interfolhado 20x20 Branco 2 Dobras - c/ 1.000un,19/02/2026,2 ,Estoque - MH,Unidade - Ahú
Touca Descartável - c/ 100un,19/02/2026,1,Estoque - MH,Unidade - Ahú
Saco de Lixo 40 Litros Preto Micra 4 - c/ 100un,19/02/2026,1,Estoque - MH,Unidade - Ahú
Waffle,19/02/2026,14,Fábrica,Unidade - Alto da XV
Brownie,19/02/2026,8,Fábrica,Unidade - Alto da XV
Waffle,22/02/2026,10 ,Fábrica,Unidade - Alto da XV
Brownie,22/02/2026,4 ,Fábrica,Unidade - Alto da XV
Pote Kraft 80ml - c/ 50un,23/02/2026,3 ,Estoque - MH,Unidade - Alto da XV
Tampa p/ Pote Kraft 480ml - c/ 50un,23/02/2026,1 ,Estoque - MH,Unidade - Alto da XV
Pázinha Curta Branca - c/ 500un,23/02/2026,1 ,Estoque - MH,Unidade - Alto da XV
Guardanapo 20x20 - c/ 100un,23/02/2026,2 ,Estoque - MH,Unidade - Alto da XV
Nutella Pote - 650gr,23/02/2026,1 ,Estoque - MH,Unidade - Alto da XV
Filtro de Papel p/ Café n102 - c/ 30un,23/02/2026,1,Estoque - MH,Unidade - Alto da XV
Esponja Multiuso Dupla Face AM/VD,23/02/2026,4 ,Estoque - MH,Unidade - Alto da XV
Pote Kraft 80ml - c/ 50un,23/02/2026,4 ,Estoque - MH,Unidade - Ahú
Ki-Cascão Conny - c/ 120un,23/02/2026,1 ,Estoque - MH,Unidade - Ahú
Pázinha Curta Branca - c/ 500un,23/02/2026,2 ,Estoque - MH,Unidade - Ahú
Sacola P - 26x25x12cm - c/ 20un,23/02/2026,1 ,Estoque - MH,Unidade - Ahú
Pote 100ml Descartável - c/ 100un,23/02/2026,1,Estoque - MH,Unidade - Ahú
Mechedor de Café Simples 11cm - c/ 500un,23/02/2026,1,Estoque - MH,Unidade - Ahú
Mechedor de Café Simples 11cm - c/ 500un,23/02/2026,2 ,Compras,Estoque - MH
Waffle,23/02/2026,5 ,Unidade - Alto da XV,Unidade - Ahú
Quiche Capresse - 1un,24/02/2026,6,Compras,Unidade - Ahú
Sanduíche de Carne - 1un,24/02/2026,12 ,Compras,Unidade - Ahú
Sanduíche de Frango - 1un,24/02/2026,12 ,Compras,Unidade - Ahú
Sanduíche de Pernil - 1un,24/02/2026,12 ,Compras,Unidade - Ahú
Sanduíche de Parma - 1un,24/02/2026,6 ,Compras,Unidade - Ahú
Sanduíche de Mortadela - 1un,24/02/2026,12 ,Compras,Unidade - Ahú
Sanduíche de Mortadela - 1un,25/02/2026,1 ,Unidade - Batel,Unidade - Alto da XV
Sanduíche de Frango - 1un,25/02/2026,4 ,Unidade - Batel,Unidade - Alto da XV
Sanduíche de Carne - 1un,25/02/2026,2 ,Unidade - Batel,Unidade - Alto da XV
Sanduíche de Parma - 1un,25/02/2026,2 ,Unidade - Batel,Unidade - Alto da XV
Sanduíche de Pernil - 1un,25/02/2026,1 ,Unidade - Batel,Unidade - Alto da XV
Waffle,27/02/2026,10 ,Fábrica,Unidade - Alto da XV
Brownie,27/02/2026,8 ,Fábrica,Unidade - Alto da XV
Waffle,27/02/2026,10 ,Fábrica,Unidade - Ahú
Veja Multi Uso 500ml,01/03/2026,5 ,Compras,Estoque - MH
Álcool Líquido 70% - 5 Litros,01/03/2026,1 ,Unidade - Batel,Estoque - MH
Pote Kraft 120ml - c/ 50un,02/03/2026,1 ,Estoque - MH,Unidade - Alto da XV
Ki-Casquinha Conny - c/ 240un,02/03/2026,1,Estoque - MH,Unidade - Alto da XV
Pázinha Curta Branca - c/ 500un,02/03/2026,1,Estoque - MH,Unidade - Alto da XV
Tampa p/ Pote 200ml - c/ 50un,02/03/2026,1,Estoque - MH,Unidade - Alto da XV
Copo Papel Preto Parede Simples 110ml - c/ 50un,02/03/2026,1,Estoque - MH,Unidade - Alto da XV
Sacola P - 26x25x12cm - c/ 20un,02/03/2026,1,Estoque - MH,Unidade - Alto da XV
Papel Interfolhado 20x20 Branco 2 Dobras - c/ 1.000un,02/03/2026,1,Estoque - MH,Unidade - Alto da XV
Sachê de Adoçante,02/03/2026,1 ,Estoque - MH,Unidade - Alto da XV
Veja Multi Uso 500ml,02/03/2026,2 ,Estoque - MH,Unidade - Alto da XV
Álcool Líquido 70% - 5 Litros,02/03/2026,1 ,Estoque - MH,Unidade - Alto da XV
Waffle,02/03/2026,10 ,Fábrica,Unidade - Ahú
Sanduíche de Parma - 1un,02/03/2026,4 ,Unidade - Ahú,Unidade - Alto da XV
Sanduíche de Carne - 1un,02/03/2026,2 ,Unidade - Ahú,Unidade - Alto da XV
Sanduíche de Pernil - 1un,02/03/2026,3 ,Unidade - Ahú,Unidade - Alto da XV
Sanduíche de Mortadela - 1un,02/03/2026,3 ,Unidade - Ahú,Unidade - Alto da XV
Pote Kraft 80ml - c/ 50un,02/03/2026,4 ,Estoque - MH,Unidade - Ahú
Pote Kraft 120ml - c/ 50un,02/03/2026,1 ,Estoque - MH,Unidade - Ahú
Ki-Cascão Conny - c/ 120un,02/03/2026,1 ,Estoque - MH,Unidade - Ahú
Ki-Casquinha Conny - c/ 240un,02/03/2026,1 ,Estoque - MH,Unidade - Ahú
Pázinha Curta Branca - c/ 500un,02/03/2026,2 ,Estoque - MH,Unidade - Ahú
Guardanapo 20x20 - c/ 100un,02/03/2026,3 ,Estoque - MH,Unidade - Ahú
Sacola P - 26x25x12cm - c/ 20un,02/03/2026,1 ,Estoque - MH,Unidade - Ahú
Papel Interfolhado 20x20 Branco 2 Dobras - c/ 1.000un,02/03/2026,1 ,Estoque - MH,Unidade - Ahú
Mechedor de Café Simples 11cm - c/ 500un,02/03/2026,1 ,Estoque - MH,Unidade - Ahú
Bobina Maquininha,02/03/2026,1,Estoque - MH,Unidade - Ahú
Veja Multi Uso 500ml,02/03/2026,1,Estoque - MH,Unidade - Ahú
Esponja Multiuso Dupla Face AM/VD,02/03/2026,3,Estoque - MH,Unidade - Ahú
Pano Multiuso - 28cm x 25mt,02/03/2026,1,Estoque - MH,Unidade - Ahú
Pázinha Curta Branca - c/ 500un,03/03/2026,2,Unidade - Batel,Estoque - MH
Guardanapo 20x20 - c/ 100un,03/03/2026,2,Unidade - Batel,Estoque - MH
Saco de Lixo 60 Litros Preto Micra 8 - c/ 100un,03/03/2026,1,Unidade - Batel,Estoque - MH
Touca Descartável - c/ 100un,03/03/2026,1,Unidade - Batel,Estoque - MH
Bobina Maquininha,03/03/2026,5,Unidade - Batel,Estoque - MH
Sachê de Adoçante,03/03/2026,50,Unidade - Batel,Estoque - MH
Waffle,04/03/2026,10,Fábrica,Unidade - Ahú
Coca Cola Sem Açucar - Lata - (350ml),04/03/2026,24,Compras,Unidade - Ahú
Água Crystal Com Gás - Garrafa - (500ml),04/03/2026,60,Compras,Unidade - Ahú
Água Crystal - Garrafa - (500ml),04/03/2026,12,Compras,Unidade - Ahú
Coca Cola Sem Açucar - Lata - (350ml),04/03/2026,12 ,Compras,Unidade - Alto da XV
Água Crystal Com Gás - Garrafa - (500ml),04/03/2026,36,Compras,Unidade - Alto da XV
Coca Cola - Lata - (350ml),04/03/2026,12,Compras,Unidade - Alto da XV
Água Crystal - Garrafa - (500ml),04/03/2026,48,Compras,Unidade - Alto da XV
Waffle,05/03/2026,10,Fábrica,Unidade - Alto da XV
Saco de Papel p/ Talher 6cm x 26cm - c/ 500un,06/03/2026,2,Compras,Estoque - MH
Bobina Impressora - 80mm,06/03/2026,4,Compras,Estoque - MH
Pázinha Curta Branca - c/ 500un,06/03/2026,6,Compras,Estoque - MH
Canudo Biodegradável - c/ 100un,06/03/2026,2,Compras,Estoque - MH
Esponja Multiuso Dupla Face AM/VD,06/03/2026,16,Compras,Estoque - MH
Papel Higiênico - FD - 12 Rolos/30mt,06/03/2026,2,Compras,Estoque - MH
Waffle,08/03/2026,10 ,Fábrica,Unidade - Alto da XV
Saco de Lixo 20 Litros Preto Micra 4 - c/ 100un,09/03,2,Compras,Estoque - MH
Pote Kraft 80ml - c/ 50un,09/03/2026,3 ,Estoque - MH,Unidade - Alto da XV
Ki-Cascão Conny - c/ 120un,09/03/2026,1 ,Estoque - MH,Unidade - Alto da XV
Pázinha Curta Branca - c/ 500un,09/03/2026,2 ,Estoque - MH,Unidade - Alto da XV
Guardanapo 20x20 - c/ 100un,09/03/2026,2 ,Estoque - MH,Unidade - Alto da XV
Pote 200ml Descartável - c/ 50un,09/03/2026,1,Estoque - MH,Unidade - Alto da XV
Café em Grão - 1kg,09/03/2026,1,Estoque - MH,Unidade - Alto da XV
Canudo Biodegradável - c/ 100un,09/03/2026,1 ,Estoque - MH,Unidade - Alto da XV
Saco de Papel p/ Talher 6cm x 26cm - c/ 500un,09/03/2026,1,Estoque - MH,Unidade - Alto da XV
Etiquetas Adesivas Brancas Grande - 50x30mm,09/03/2026,1,Estoque - MH,Unidade - Alto da XV
Bobina Impressora - 80mm,09/03/2026,2 ,Estoque - MH,Unidade - Alto da XV
Saco de Lixo 20 Litros Preto Micra 4 - c/ 100un,09/03/2026,2 ,Estoque - MH,Unidade - Alto da XV
Papel Higiênico - FD - 12 Rolos/30mt,09/03/2026,1 ,Estoque - MH,Unidade - Alto da XV
Esponja Multiuso Dupla Face AM/VD,09/03/2026,4 ,Estoque - MH,Unidade - Alto da XV
Waffle,09/03/2026,10 ,Fábrica,Unidade - Alto da XV
Brownie,09/03/2026,1 ,Fábrica,Unidade - Alto da XV
Pote Kraft 80ml - c/ 50un,09/03/2026,6 ,Estoque - MH,Unidade - Ahú
Ki-Cascão Conny - c/ 120un,09/03/2026,2 ,Estoque - MH,Unidade - Ahú
Tampa p/ Pote Kraft 480ml - c/ 50un,09/03/2026,1 ,Estoque - MH,Unidade - Ahú
Pázinha Curta Branca - c/ 500un,09/03/2026,1,Estoque - MH,Unidade - Ahú
Guardanapo 20x20 - c/ 100un,09/03/2026,2,Estoque - MH,Unidade - Ahú
Pote 200ml Descartável - c/ 50un,09/03/2026,2,Estoque - MH,Unidade - Ahú
Sacola P - 26x25x12cm - c/ 20un,09/03/2026,1,Estoque - MH,Unidade - Ahú
Café em Grão - 1kg,09/03/2026,1,Estoque - MH,Unidade - Ahú
Nutella Pote - 650gr,09/03/2026,1,Estoque - MH,Unidade - Ahú
Pote 100ml Descartável - c/ 100un,09/03/2026,1 ,Estoque - MH,Unidade - Ahú
Canudo Biodegradável - c/ 100un,09/03/2026,1 ,Estoque - MH,Unidade - Ahú
Colher Forte - c/ 50un (STRAWPLAST),09/03/2026,1 ,Estoque - MH,Unidade - Ahú
Saco de Papel p/ Talher 6cm x 26cm - c/ 500un,09/03/2026,1 ,Estoque - MH,Unidade - Ahú
Saco de Lixo 60 Litros Preto Micra 8 - c/ 100un,09/03/2026,1,Estoque - MH,Unidade - Ahú
Veja Multi Uso 500ml,09/03/2026,1,Estoque - MH,Unidade - Ahú
Papel Higiênico - FD - 12 Rolos/30mt,09/03/2026,1,Estoque - MH,Unidade - Ahú
Pázinha Curta Branca - c/ 500un,10/03/2026,1,Estoque - MH,Unidade - Ahú
Bobina Maquininha,10/03/2026,2,Estoque - MH,Unidade - Ahú
Pote Kraft 480ml - c/ 50un,13/03/2026,1 ,Unidade - Batel,Estoque - MH
Pote Kraft 80ml - c/ 50un,13/03/2026,1 ,Compras,Estoque - MH
Tampa  p/ Copo Papel 270ml - 62mm - c/ 50un,13/03/2026,1 ,Unidade - Batel,Estoque - MH
Waffle,14/03/2026,10 ,Fábrica,Unidade - Alto da XV
Waffle,14/03/2026,10 ,Fábrica,Unidade - Ahú
Brownie,14/03/2026,6 ,Fábrica,Unidade - Ahú
Brownie,14/03/2026,6 ,Fábrica,Unidade - Alto da XV
Suco Del Valle Maracujá - Lata - (290ml),14/03/2026,6,Compras,Unidade - Alto da XV
Coca Cola Sem Açucar - Lata - (350ml),14/03/2026,18,Compras,Unidade - Alto da XV
Suco Del Valle Uva - Lata - (290ml),14/03/2026,6 ,Compras,Unidade - Alto da XV
Fanta Uva - Lata - (350ml),14/03/2026,6 ,Compras,Unidade - Alto da XV
Coca Cola - Lata - (350ml),14/03/2026,12 ,Compras,Unidade - Alto da XV
Suco Del Valle Pêssego - Lata - (290ml),14/03/2026,6 ,Compras,Unidade - Alto da XV
Fanta Guaraná - Lata - (350ml),14/03/2026,6,Compras,Unidade - Alto da XV
Fanta Laranja - Lata - (350ml),14/03/2026,6,Compras,Unidade - Alto da XV
Waffle,15/03/2026,10 ,Fábrica,Unidade - Alto da XV
Brownie,15/03/2026,5 ,Fábrica,Unidade - Alto da XV
Brownie,15/03/2026,7 ,Fábrica,Unidade - Ahú
Pote Kraft 80ml - c/ 50un,16/03/2026,2 ,Estoque - MH,Unidade - Alto da XV
Ki-Cascão Conny - c/ 120un,16/03/2026,1 ,Estoque - MH,Unidade - Alto da XV
Pázinha Curta Branca - c/ 500un,16/03/2026,1 ,Estoque - MH,Unidade - Alto da XV
Guardanapo 20x20 - c/ 100un,16/03/2026,2 ,Estoque - MH,Unidade - Alto da XV
Sacola P - 26x25x12cm - c/ 20un,16/03/2026,1 ,Estoque - MH,Unidade - Alto da XV
Pote de Isopor 120ml - c/ 20un,16/03/2026,1,Estoque - MH,Unidade - Alto da XV
Papel Barreira 20x20 c/ 1.000 folhas,16/03/2026,1,Estoque - MH,Unidade - Alto da XV
Pote Kraft 80ml - c/ 50un,16/03/2026,4,Estoque - MH,Unidade - Ahú
Pote Kraft 120ml - c/ 50un,16/03/2026,1,Estoque - MH,Unidade - Ahú
Ki-Cascão Conny - c/ 120un,16/03/2026,1 ,Estoque - MH,Unidade - Ahú
Pote Kraft 480ml - c/ 50un,16/03/2026,1 ,Estoque - MH,Unidade - Ahú
Pázinha Curta Branca - c/ 500un,16/03/2026,1 ,Estoque - MH,Unidade - Ahú
Guardanapo 20x20 - c/ 100un,16/03/2026,5 ,Estoque - MH,Unidade - Ahú
Pote 200ml Descartável - c/ 50un,16/03/2026,2 ,Estoque - MH,Unidade - Ahú
Tampa p/ Pote 200ml - c/ 50un,16/03/2026,1 ,Estoque - MH,Unidade - Ahú
Sacola P - 26x25x12cm - c/ 20un,16/03/2026,1 ,Estoque - MH,Unidade - Ahú
Papel Interfolhado 20x20 Branco 2 Dobras - c/ 1.000un,16/03/2026,2,Estoque - MH,Unidade - Ahú
Pote de Isopor 120ml - c/ 20un,16/03/2026,1,Estoque - MH,Unidade - Ahú
Leite UHT Integral - 1kg,16/03/2026,2,Fábrica,Unidade - Alto da XV
Coca Cola - Lata - (350ml),16/03/2026,24,Compras,Unidade - Ahú
Água Crystal - Garrafa - (500ml),16/03/2026,72,Compras,Unidade - Ahú
Suco Del Valle Maracujá - Lata - (290ml),16/03/2026,6,Compras,Unidade - Ahú
Coca Cola Sem Açucar - Lata - (350ml),16/03/2026,12 ,Compras,Unidade - Ahú
Suco Del Valle Pêssego - Lata - (290ml),16/03/2026,6 ,Compras,Unidade - Ahú
Suco Del Valle Uva - Lata - (290ml),16/03/2026,6 ,Compras,Unidade - Ahú
Waffle,17/03/2026,10,Fábrica,Unidade - Ahú
Waffle,17/03/2026,10,Fábrica,Unidade - Alto da XV
Sanduíche de Carne - 1un,17/03/2026,4,Unidade - Ahú,Unidade - Alto da XV
Sanduíche de Frango - 1un,17/03/2026,4,Unidade - Ahú,Unidade - Alto da XV
Sanduíche de Pernil - 1un,17/03/2026,2,Unidade - Ahú,Unidade - Alto da XV
Sanduíche de Mortadela - 1un,17/03/2026,4,Unidade - Ahú,Unidade - Alto da XV
Sanduíche de Parma - 1un,17/03/2026,4 ,Unidade - Ahú,Unidade - Alto da XV
Coca Cola Sem Açucar - Lata - (350ml),17/03/2026,18 ,Compras,Unidade - Alto da XV
Água Crystal - Garrafa - (500ml),17/03/2026,36 ,Compras,Unidade - Alto da XV
Chá Matte Leao - Copo - (300ml),17/03/2026,12 ,Compras,Unidade - Alto da XV
Suco Del Valle Uva - Lata - (290ml),17/03/2026,6 ,Compras,Unidade - Alto da XV
Chá Matte Leao Limão - Copo - (300ml),17/03/2026,12,Compras,Unidade - Alto da XV
Coca Cola - Lata - (350ml),17/03/2026,12,Compras,Unidade - Alto da XV
Pázinha Curta Branca - c/ 500un,18/03/2026,1,Unidade - Alto da XV,Unidade - Ahú
Xarope de Caramelo - 750ml,18/03/2026,1,Compras,Unidade - Ahú
Pázinha Curta Branca - c/ 500un,18/03/2026,12,Compras,Estoque - MH
Guardanapo Interfolhado 10x20 ROSA - c/ 5.000un,18/03/2026,2,Compras,Estoque - MH
Papel Interfolhado 20x20 Branco 2 Dobras - c/ 1.000un,18/03/2026,5,Compras,Estoque - MH
Pote 200ml Descartável - c/ 50un,18/03/2026,4,Compras,Estoque - MH
Pote 100ml Descartável - c/ 100un,18/03/2026,1,Compras,Estoque - MH
Pázinha Curta Branca - c/ 500un,18/03/2026,1,Estoque - MH,Unidade - Alto da XV
Waffle,20/03/2026,7,Unidade - Alto da XV,Unidade - Ahú
Sacola PP - 25x21x10cm - c/ 20un,20/03/2026,400,Compras,Estoque - MH
Sacola P - 26x25x12cm - c/ 20un,20/03/2026,200,Compras,Estoque - MH
Veja Multi Uso 500ml,20/03/2026,5,Compras,Estoque - MH
Saco de Lixo 20 Litros Preto Micra 4 - c/ 100un,20/03/2026,2,Compras,Estoque - MH
Saco de Lixo 40 Litros Preto Micra 4 - c/ 100un,20/03/2026,2 ,Compras,Estoque - MH
Pano Multiuso - 28cm x 25mt,20/03/2026,4 ,Compras,Estoque - MH
Álcool Líquido 70% - 5 Litros,20/03/2026,4 ,Compras,Estoque - MH
Álcool em Gel 70% - 5 Litros,20/03/2026,1 ,Compras,Estoque - MH
Álcool em Gel 70% - 5 Litros,20/03/2026,1 ,Estoque - MH,Fábrica
Álcool Líquido 70% - 5 Litros,20/03/2026,1 ,Estoque - MH,Fábrica
Ki-Cascão Conny - c/ 120un,23/03/2026,1 ,Unidade - Alto da XV,Unidade - Ahú
Bobina Impressora - 80mm,23/03/2026,1 ,Unidade - Alto da XV,Unidade - Ahú
Pote Kraft 80ml - c/ 50un,23/03/2026,4 ,Estoque - MH,Unidade - Alto da XV
Ki-Cascão Conny - c/ 120un,23/03/2026,1,Estoque - MH,Unidade - Alto da XV
Pázinha Curta Branca - c/ 500un,23/03/2026,2,Estoque - MH,Unidade - Alto da XV
Guardanapo 20x20 - c/ 100un,23/03/2026,2,Estoque - MH,Unidade - Alto da XV
Pote 200ml Descartável - c/ 50un,23/03/2026,1,Estoque - MH,Unidade - Alto da XV
Tampa p/ Pote 200ml - c/ 50un,23/03/2026,1,Estoque - MH,Unidade - Alto da XV
Sacola P - 26x25x12cm - c/ 20un,23/03/2026,1,Estoque - MH,Unidade - Alto da XV
Sacola PP - 25x21x10cm - c/ 20un,23/03/2026,2,Estoque - MH,Unidade - Alto da XV
Leite UHT Integral - 1kg,23/03/2026,3,Estoque - MH,Unidade - Alto da XV
Guardanapo Interfolhado 10x20 ROSA - c/ 5.000un,23/03/2026,1,Estoque - MH,Unidade - Alto da XV
Papel Interfolhado 20x20 Branco 2 Dobras - c/ 1.000un,23/03/2026,1,Estoque - MH,Unidade - Alto da XV
Bobina Impressora - 80mm,23/03/2026,2 ,Estoque - MH,Unidade - Alto da XV
Saco de Lixo 40 Litros Preto Micra 4 - c/ 100un,23/03/2026,1 ,Estoque - MH,Unidade - Alto da XV
Veja Multi Uso 500ml,23/03/2026,1 ,Estoque - MH,Unidade - Alto da XV
Esponja Multiuso Dupla Face AM/VD,23/03/2026,8 ,Estoque - MH,Unidade - Alto da XV
Pano Multiuso - 28cm x 25mt,23/03/2026,1 ,Estoque - MH,Unidade - Alto da XV
Ki-Casquinha Conny - c/ 240un,23/03/2026,1 ,Estoque - MH,Unidade - Alto da XV
Pote Kraft 80ml - c/ 50un,23/03/2026,6 ,Estoque - MH,Unidade - Ahú
Pote Kraft 120ml - c/ 50un,23/03/2026,1 ,Estoque - MH,Unidade - Ahú
Ki-Cascão Conny - c/ 120un,23/03/2026,1 ,Estoque - MH,Unidade - Ahú
Ki-Casquinha Conny - c/ 240un,23/03/2026,1 ,Estoque - MH,Unidade - Ahú
Leite UHT Integral - 1kg,23/03/2026,3 ,Estoque - MH,Unidade - Ahú
Bobina Impressora - 80mm,23/03/2026,2 ,Estoque - MH,Unidade - Ahú
Pázinha Curta Branca - c/ 500un,23/03/2026,2 ,Estoque - MH,Unidade - Ahú
Guardanapo 20x20 - c/ 100un,23/03/2026,4 ,Estoque - MH,Unidade - Ahú
Sacola P - 26x25x12cm - c/ 20un,23/03/2026,1 ,Estoque - MH,Unidade - Ahú
Sacola PP - 25x21x10cm - c/ 20un,23/03/2026,1 ,Estoque - MH,Unidade - Ahú
Café em Grão - 1kg,23/03/2026,1 ,Estoque - MH,Unidade - Ahú
Nutella Pote - 650gr,23/03/2026,1,Estoque - MH,Unidade - Alto da XV
Papel Interfolhado 20x20 Branco 2 Dobras - c/ 1.000un,23/03/2026,1,Estoque - MH,Unidade - Ahú
Saco de Lixo 20 Litros Preto Micra 4 - c/ 100un,23/03/2026,1,Estoque - MH,Unidade - Ahú
Brownie,24/03/2026,6 ,Fábrica,Unidade - Ahú
Brownie,24/03/2026,6 ,Fábrica,Unidade - Alto da XV
Waffle,26/03/2026,3,Fábrica,Unidade - Alto da XV
Waffle,26/03/2026,7 ,Fábrica,Unidade - Ahú
Sanduíche de Pernil - 1un,26/03/2026,12 ,Compras,Unidade - Ahú
Sanduíche de Parma - 1un,26/03/2026,12 ,Compras,Unidade - Ahú
Sanduíche de Mortadela - 1un,26/03/2026,12 ,Compras,Unidade - Ahú
Quiche Capresse - 1un,26/03/2026,6 ,Compras,Unidade - Ahú
Fanta Laranja - Lata - (350ml),27/03/2026,6 ,Compras,Unidade - Ahú
Sprite - Lata - (350ml),27/03/2026,6 ,Compras,Unidade - Ahú
Fanta Uva - Lata - (350ml),27/03/2026,6 ,Compras,Unidade - Ahú
Água Crystal Com Gás - Garrafa - (500ml),27/03/2026,36 ,Compras,Unidade - Ahú
Fanta Guaraná - Lata - (350ml),27/03/2026,6 ,Compras,Unidade - Ahú
Água Crystal - Garrafa - (500ml),27/03/2026,60 ,Compras,Unidade - Ahú
Pote 200ml Descartável - c/ 50un,30/03/2026,4 ,Compras,Estoque - MH
Tampa p/ Pote 200ml - c/ 50un,30/03/2026,4 ,Compras,Estoque - MH
Bobina Impressora - 80mm,30/03/2026,2 ,Compras,Estoque - MH
Pote Kraft 80ml - c/ 50un,30/03/2026,4 ,Estoque - MH,Unidade - Alto da XV
Pote Kraft 120ml - c/ 50un,30/03/2026,1 ,Estoque - MH,Unidade - Alto da XV
Pázinha Curta Branca - c/ 500un,30/03/2026,2 ,Estoque - MH,Unidade - Alto da XV
Guardanapo 20x20 - c/ 100un,30/03/2026,4,Estoque - MH,Unidade - Alto da XV
Pote 200ml Descartável - c/ 50un,30/03/2026,1,Estoque - MH,Unidade - Alto da XV
Copo 300ml Descartável - c/ 100un,30/03/2026,1,Estoque - MH,Unidade - Alto da XV
Sacola P - 26x25x12cm - c/ 20un,30/03/2026,1 ,Estoque - MH,Unidade - Alto da XV
Papel Interfolhado 20x20 Branco 2 Dobras - c/ 1.000un,30/03/2026,1,Estoque - MH,Unidade - Alto da XV
Bobina Impressora - 80mm,30/03/2026,2,Estoque - MH,Unidade - Alto da XV
Bobina Maquininha,30/03/2026,1 ,Estoque - MH,Unidade - Alto da XV
Saco de Lixo 60 Litros Preto Micra 8 - c/ 100un,30/03/2026,1 ,Estoque - MH,Unidade - Alto da XV
Papel Higiênico - FD - 12 Rolos/30mt,30/03/2026,1 ,Estoque - MH,Unidade - Alto da XV
Pano Multiuso - 28cm x 25mt,30/03/2026,1,Estoque - MH,Unidade - Alto da XV
Pote Kraft 80ml - c/ 50un,30/03/2026,5,Estoque - MH,Unidade - Ahú
Pázinha Curta Branca - c/ 500un,30/03/2026,2 ,Estoque - MH,Unidade - Ahú
Guardanapo 20x20 - c/ 100un,30/03/2026,3 ,Estoque - MH,Unidade - Ahú
Pote 200ml Descartável - c/ 50un,30/03/2026,1 ,Estoque - MH,Unidade - Ahú
Tampa p/ Pote 200ml - c/ 50un,30/03/2026,1 ,Estoque - MH,Unidade - Ahú
Sacola P - 26x25x12cm - c/ 20un,30/03/2026,1,Estoque - MH,Unidade - Ahú
Sacola PP - 25x21x10cm - c/ 20un,30/03/2026,1,Estoque - MH,Unidade - Ahú
Guardanapo Interfolhado 10x20 ROSA - c/ 5.000un,30/03/2026,1,Estoque - MH,Unidade - Ahú
Waffle,02/04/2026,10 ,Fábrica,Unidade - Ahú
Ki-Cascão Conny - c/ 120un,06/04/2026,2 ,Compras,Estoque - MH
Ki-Casquinha Conny - c/ 240un,06/04/2026,1 ,Compras,Estoque - MH
Pázinha Curta Branca - c/ 500un,06/04/2026,6 ,Compras,Estoque - MH
Nutella Pote - 650gr,06/04/2026,2 ,Compras,Estoque - MH
Doce de Leite - 350gr,06/04/2026,2 ,Compras,Estoque - MH
Coca Cola - Lata - (350ml),06/04/2026,24,Compras,Unidade - Ahú
Água Crystal - Garrafa - (500ml),06/04/2026,84,Compras,Unidade - Ahú
Coca Cola Sem Açucar - Lata - (350ml),06/04/2026,24,Compras,Unidade - Ahú
Água Crystal Com Gás - Garrafa - (500ml),06/04/2026,48,Compras,Unidade - Ahú
Pote Kraft 80ml - c/ 50un,06/04/2026,2,Estoque - MH,Unidade - Alto da XV
Ki-Cascão Conny - c/ 120un,06/04/2026,2 ,Estoque - MH,Unidade - Alto da XV
Pázinha Curta Branca - c/ 500un,06/04/2026,1,Estoque - MH,Unidade - Alto da XV
Pote 200ml Descartável - c/ 50un,06/04/2026,1,Estoque - MH,Unidade - Alto da XV
Sacola PP - 25x21x10cm - c/ 20un,06/04/2026,1,Estoque - MH,Unidade - Alto da XV
Café em Grão - 1kg,06/04/2026,1,Estoque - MH,Unidade - Alto da XV
Nutella Pote - 650gr,06/04/2026,2,Estoque - MH,Unidade - Alto da XV
Doce de Leite - 350gr,06/04/2026,2,Estoque - MH,Unidade - Alto da XV
Pote p/ Molho 60ml Galvanotek G697 - c/ 20un,07/04/2026,2 ,Compras,Estoque - MH
Papel Interfolhado 20x20 Branco 2 Dobras - c/ 1.000un,07/04/2026,5 ,Compras,Estoque - MH
Canudo Biodegradável - c/ 100un,07/04/2026,3 ,Compras,Estoque - MH
Mini Óreo - 35gr,07/04/2026,4 ,Compras,Estoque - MH
Pote p/ Molho 30ml Galvanotek G695 - c/ 10un,07/04/2026,2 ,Compras,Estoque - MH
Mechedor de Café Simples 11cm - c/ 500un,07/04/2026,2 ,Compras,Estoque - MH
Pote 200ml Descartável - c/ 50un,07/04/2026,4 ,Compras,Estoque - MH
Pote 100ml Descartável - c/ 100un,07/04/2026,2 ,Compras,Estoque - MH
Copo 300ml Descartável - c/ 100un,07/04/2026,2,Compras,Estoque - MH
Pote Kraft 80ml - c/ 50un,07/04/2026,3,Estoque - MH,Unidade - Ahú
Pote Kraft 120ml - c/ 50un,07/04/2026,1,Estoque - MH,Unidade - Ahú
Ki-Casquinha Conny - c/ 240un,07/04/2026,1,Estoque - MH,Unidade - Ahú
Pázinha Curta Branca - c/ 500un,07/04/2026,2,Estoque - MH,Unidade - Ahú
Guardanapo 20x20 - c/ 100un,07/04/2026,2,Estoque - MH,Unidade - Ahú
Pote 200ml Descartável - c/ 50un,07/04/2026,1 ,Estoque - MH,Unidade - Ahú
Tampa p/ Pote 200ml - c/ 50un,07/04/2026,1 ,Estoque - MH,Unidade - Ahú
Sacola PP - 25x21x10cm - c/ 20un,07/04/2026,1,Estoque - MH,Unidade - Ahú
Papel Interfolhado 20x20 Branco 2 Dobras - c/ 1.000un,07/04/2026,2 ,Estoque - MH,Unidade - Ahú
Saco de Lixo 20 Litros Preto Micra 4 - c/ 100un,07/04/2026,1 ,Estoque - MH,Unidade - Ahú
Veja Multi Uso 500ml,07/04/2026,1 ,Estoque - MH,Unidade - Ahú
Chá Matte Leao - Copo - (300ml),10/04/2026,12 ,Compras,Unidade - Alto da XV
Suco Del Valle Uva - Lata - (290ml),10/04/2026,6 ,Compras,Unidade - Alto da XV
Suco Del Valle Pêssego - Lata - (290ml),10/04/2026,12 ,Compras,Unidade - Alto da XV
Suco Del Valle Maracujá - Lata - (290ml),10/04/2026,12 ,Compras,Unidade - Alto da XV
Suco Del Valle Manga - Lata - (290ml),10/04/2026,6 ,Compras,Unidade - Alto da XV
Chá Matte Leao Limão - Copo - (300ml),10/04/2026,12 ,Compras,Unidade - Alto da XV
Cappuccino em Pó - 1kg,13/04/2026,5 ,Compras,Estoque - MH
Pázinha Curta Branca - c/ 500un,13/04/2026,1 ,Estoque - MH,Unidade - Alto da XV
Guardanapo 20x20 - c/ 100un,13/04/2026,2,Estoque - MH,Unidade - Alto da XV
Tampa p/ Pote 200ml - c/ 50un,13/04/2026,1,Estoque - MH,Unidade - Alto da XV
Papel Interfolhado 20x20 Branco 2 Dobras - c/ 1.000un,13/04/2026,2,Estoque - MH,Unidade - Alto da XV
Mechedor de Café Simples 11cm - c/ 500un,13/04/2026,1 ,Estoque - MH,Unidade - Alto da XV
Veja Multi Uso 500ml,13/04/2026,1 ,Estoque - MH,Unidade - Alto da XV
Ki-Casquinha Conny - c/ 240un,13/04/2026,1 ,Estoque - MH,Unidade - Alto da XV
Nutella Pote - 650gr,13/04/2026,6 ,Compras,Estoque - MH
Pote Kraft 80ml - c/ 50un,13/04/2026,4 ,Estoque - MH,Unidade - Ahú
Pázinha Curta Branca - c/ 500un,13/04/2026,2 ,Estoque - MH,Unidade - Ahú
Guardanapo 20x20 - c/ 100un,13/04/2026,3 ,Estoque - MH,Unidade - Ahú
Copo 300ml Descartável - c/ 100un,13/04/2026,1 ,Estoque - MH,Unidade - Ahú
Embalagem Waffle Cama - c/ 50un,13/04/2026,1,Estoque - MH,Unidade - Ahú
Cappuccino em Pó - 1kg,13/04/2026,1,Estoque - MH,Unidade - Ahú
Nutella Pote - 650gr,13/04/2026,2,Estoque - MH,Unidade - Ahú
Faca Forte - c/ 50un (STRAWPLAST),13/04/2026,1,Estoque - MH,Unidade - Ahú
Saco de Lixo 40 Litros Preto Micra 4 - c/ 100un,13/04/2026,1,Estoque - MH,Unidade - Ahú
Ki-Cascão Conny - c/ 120un,14/04/2026,16,Compras,Estoque - MH
Ki-Casquinha Conny - c/ 240un,14/04/2026,4,Compras,Estoque - MH
Sanduíche de Frango - 1un,15/04/2026,12 ,Compras,Unidade - Ahú
Sanduíche de Carne - 1un,15/04/2026,18 ,Compras,Unidade - Ahú
Sanduíche de Pernil - 1un,15/04/2026,12 ,Compras,Unidade - Ahú
Sanduíche de Parma - 1un,15/04/2026,12 ,Compras,Unidade - Ahú
Sanduíche de Mortadela - 1un,15/04/2026,12 ,Compras,Unidade - Ahú
Sanduíche de Frango - 1un,15/04/2026,4 ,Unidade - Ahú,Unidade - Alto da XV
Sanduíche de Carne - 1un,15/04/2026,4 ,Unidade - Ahú,Unidade - Alto da XV
Sanduíche de Pernil - 1un,15/04/2026,4 ,Unidade - Ahú,Unidade - Alto da XV
Sanduíche de Parma - 1un,15/04/2026,4 ,Unidade - Ahú,Unidade - Alto da XV
Sanduíche de Mortadela - 1un,15/04/2026,4 ,Unidade - Ahú,Unidade - Alto da XV
Ki-Cascão Conny - c/ 120un,15/04/2026,2 ,Estoque - MH,Unidade - Ahú
Ki-Cascão Conny - c/ 120un,15/04/2026,2 ,Estoque - MH,Unidade - Alto da XV
Waffle,15/04/2026,5 ,Unidade - Alto da XV,Unidade - Ahú
Suco Del Valle Maracujá - Lata - (290ml),17/04/2026,12 ,Compras,Unidade - Ahú
Água Crystal - Garrafa - (500ml),17/04/2026,24 ,Compras,Unidade - Ahú
Suco Del Valle Manga - Lata - (290ml),17/04/2026,12 ,Compras,Unidade - Ahú
Suco Del Valle Pêssego - Lata - (290ml),17/04/2026,12 ,Compras,Unidade - Ahú
Waffle,18/04/2026,10,Fábrica,Unidade - Ahú
Suco Del Valle Pêssego - Lata - (290ml),18/04/2026,6 ,Compras,Unidade - Alto da XV
Suco Del Valle Manga - Lata - (290ml),18/04/2026,12 ,Compras,Unidade - Alto da XV
Suco Del Valle Maracujá - Lata - (290ml),18/04/2026,12 ,Compras,Unidade - Alto da XV
Água Crystal - Garrafa - (500ml),18/04/2026,24 ,Compras,Unidade - Alto da XV
Água Crystal Com Gás - Garrafa - (500ml),18/04/2026,24 ,Compras,Unidade - Alto da XV
Coca Cola Sem Açucar - Lata - (350ml),18/04/2026,6 ,Compras,Unidade - Alto da XV
Waffle,18/04/2026,10 ,Fábrica,Unidade - Alto da XV
Waffle,19/04/2026,7,Fábrica,Unidade - Ahú
Pázinha Curta Branca - c/ 500un,21/04/2026,3 ,Compras,Estoque - MH
Pote Kraft 80ml - c/ 50un,21/04/2026,5,Estoque - MH,Unidade - Alto da XV
Pote Kraft 120ml - c/ 50un,21/04/2026,1,Estoque - MH,Unidade - Alto da XV
Ki-Cascão Conny - c/ 120un,21/04/2026,1,Estoque - MH,Unidade - Alto da XV
Pázinha Curta Branca - c/ 500un,21/04/2026,2 ,Estoque - MH,Unidade - Alto da XV
Guardanapo 20x20 - c/ 100un,21/04/2026,4 ,Estoque - MH,Unidade - Alto da XV
Pote 200ml Descartável - c/ 50un,21/04/2026,1 ,Estoque - MH,Unidade - Alto da XV
Tampa p/ Pote 200ml - c/ 50un,21/04/2026,1,Estoque - MH,Unidade - Alto da XV
Café em Grão - 1kg,21/04/2026,1 ,Estoque - MH,Unidade - Alto da XV
Nutella Pote - 650gr,21/04/2026,1 ,Estoque - MH,Unidade - Alto da XV
Canudo Biodegradável - c/ 100un,21/04/2026,1 ,Estoque - MH,Unidade - Alto da XV
Veja Multi Uso 500ml,21/04/2026,1,Estoque - MH,Unidade - Alto da XV
Álcool Líquido 70% - 5 Litros,21/04/2026,1,Estoque - MH,Unidade - Alto da XV
Pano Multiuso - 28cm x 25mt,21/04/2026,1,Estoque - MH,Unidade - Alto da XV
Ki-Cascão Conny - c/ 120un,21/04/2026,2,Estoque - MH,Unidade - Ahú
Leite UHT Integral - 1kg,21/04/2026,4,Estoque - MH,Unidade - Ahú
Waffle,21/04/2026,13 ,Fábrica,Unidade - Alto da XV
Pote Kraft 80ml - c/ 50un,21/04/2026,5 ,Estoque - MH,Unidade - Ahú
Pote Kraft 120ml - c/ 50un,21/04/2026,1 ,Estoque - MH,Unidade - Ahú
Pázinha Curta Branca - c/ 500un,21/04/2026,1 ,Estoque - MH,Unidade - Ahú
Guardanapo 20x20 - c/ 100un,21/04/2026,4 ,Estoque - MH,Unidade - Ahú
Pote 200ml Descartável - c/ 50un,21/04/2026,1 ,Estoque - MH,Unidade - Ahú
Sacola PP - 25x21x10cm - c/ 20un,21/04/2026,1 ,Estoque - MH,Unidade - Ahú
Nutella Pote - 650gr,21/04/2026,1 ,Estoque - MH,Unidade - Ahú
Pote p/ Molho 30ml Galvanotek G695 - c/ 10un,21/04/2026,2 ,Estoque - MH,Unidade - Ahú
Esponja Multiuso Dupla Face AM/VD,21/04/2026,4 ,Estoque - MH,Unidade - Ahú
Pano Multiuso - 28cm x 25mt,21/04/2026,1 ,Estoque - MH,Unidade - Ahú
Veja Multi Uso 500ml,21/04/2026,1 ,Estoque - MH,Unidade - Ahú
Copo 300ml Descartável - c/ 100un,21/04/2026,1 ,Estoque - MH,Unidade - Ahú
Pote Kraft 80ml - c/ 50un,22/04/2026,120 ,Compras,Estoque - MH
Mini Óreo - 35gr,22/04/2026,6 ,Compras,Estoque - MH
Copo 300ml Descartável - c/ 100un,22/04/2026,2 ,Compras,Estoque - MH
Canudo Biodegradável - c/ 100un,22/04/2026,3 ,Compras,Estoque - MH
Desinfetante Pato,22/04/2026,3 ,Compras,Estoque - MH
Plástico Filme 28cm x 100m,22/04/2026,2 ,Compras,Estoque - MH
Waffle,22/04/2026,10 ,Fábrica,Unidade - Ahú
Sanduíche de Parma - 1un,23/04/2026,3 ,Unidade - Ahú,Unidade - Alto da XV
Sanduíche de Carne - 1un,23/04/2026,3 ,Unidade - Ahú,Unidade - Alto da XV
Sanduíche de Pernil - 1un,23/04/2026,4 ,Unidade - Ahú,Unidade - Alto da XV
Sanduíche de Mortadela - 1un,23/04/2026,3 ,Unidade - Ahú,Unidade - Alto da XV
Brownie,23/04/2026,6 ,Fábrica,Unidade - Alto da XV
Waffle,23/04/2026,10 ,Fábrica,Unidade - Alto da XV
Waffle,26/04/2026,10 ,Fábrica,Unidade - Alto da XV
Brownie,26/04/2026,5,Fábrica,Unidade - Alto da XV
Brownie,26/04/2026,4,Unidade - Alto da XV,Unidade - Ahú
Waffle,26/04/2026,10,Fábrica,Unidade - Ahú
Pote Kraft 80ml - c/ 50un,27/04/2026,3 ,Estoque - MH,Unidade - Alto da XV
Guardanapo 20x20 - c/ 100un,27/04/2026,1 ,Estoque - MH,Unidade - Alto da XV
Pote 200ml Descartável - c/ 50un,27/04/2026,1,Estoque - MH,Unidade - Alto da XV
Sacola PP - 25x21x10cm - c/ 20un,27/04/2026,1,Estoque - MH,Unidade - Alto da XV
Nutella Pote - 650gr,27/04/2026,1 ,Estoque - MH,Unidade - Alto da XV
Plástico Filme 28cm x 100m,27/04/2026,1 ,Estoque - MH,Unidade - Alto da XV
Plástico Filme 28cm x 100m,27/04/2026,1 ,Estoque - MH,Unidade - Ahú
Mini Óreo - 35gr,27/04/2026,4,Estoque - MH,Unidade - Ahú
Pote Kraft 550ml - c/ 25un,27/04/2026,1 ,Estoque - MH,Unidade - Alto da XV
Tampa p/ Pote Kraft 550ml - c/ 25un,27/04/2026,1 ,Estoque - MH,Unidade - Alto da XV
Pázinha Curta Branca - c/ 500un,27/04/2026,2 ,Estoque - MH,Unidade - Alto da XV
Papel Interfolhado 20x20 Branco 2 Dobras - c/ 1.000un,27/04/2026,2 ,Estoque - MH,Unidade - Alto da XV
Saco de Lixo 60 Litros Preto Micra 8 - c/ 100un,27/04/2026,1 ,Estoque - MH,Unidade - Alto da XV
Veja Multi Uso 500ml,27/04/2026,2 ,Estoque - MH,Unidade - Alto da XV
Desinfetante Pato,27/04/2026,1 ,Estoque - MH,Unidade - Alto da XV
Pote Kraft 80ml - c/ 50un,27/04/2026,4 ,Estoque - MH,Unidade - Ahú
Pote Kraft 120ml - c/ 50un,27/04/2026,1 ,Estoque - MH,Unidade - Ahú
Ki-Cascão Conny - c/ 120un,27/04/2026,2,Estoque - MH,Unidade - Ahú
Ki-Casquinha Conny - c/ 240un,27/04/2026,1,Estoque - MH,Unidade - Ahú
Pote Kraft 550ml - c/ 25un,27/04/2026,1,Estoque - MH,Unidade - Ahú
Pázinha Curta Branca - c/ 500un,27/04/2026,2,Estoque - MH,Unidade - Ahú
Guardanapo 20x20 - c/ 100un,27/04/2026,3,Estoque - MH,Unidade - Ahú
Pote 200ml Descartável - c/ 50un,27/04/2026,2,Estoque - MH,Unidade - Ahú
Sacola PP - 25x21x10cm - c/ 20un,27/04/2026,2 ,Estoque - MH,Unidade - Ahú
Nutella Pote - 650gr,27/04/2026,1 ,Estoque - MH,Unidade - Ahú
Papel Interfolhado 20x20 Branco 2 Dobras - c/ 1.000un,27/04/2026,2 ,Estoque - MH,Unidade - Ahú
Pote p/ Molho 60ml Galvanotek G697 - c/ 20un,27/04/2026,2 ,Estoque - MH,Unidade - Ahú
Canudo Biodegradável - c/ 100un,27/04/2026,1 ,Estoque - MH,Unidade - Ahú
Sachê de Adoçante,27/04/2026,1 ,Estoque - MH,Unidade - Ahú
Desinfetante Pato,27/04/2026,1 ,Estoque - MH,Unidade - Ahú
Veja Multi Uso 500ml,27/04/2026,1 ,Estoque - MH,Unidade - Ahú
Pázinha Curta Branca - c/ 500un,28/04/2026,6 ,Compras,Estoque - MH
Guardanapo 20x20 - c/ 100un,28/04/2026,50 ,Compras,Estoque - MH
Pote 200ml Descartável - c/ 50un,28/04/2026,6 ,Compras,Estoque - MH
Tampa p/ Pote 200ml - c/ 50un,28/04/2026,6 ,Compras,Estoque - MH
Papel Interfolhado 20x20 Branco 2 Dobras - c/ 1.000un,28/04/2026,5 ,Compras,Estoque - MH
Detergente Neutro - 5 Litros,29/04/2026,1 ,Estoque - MH,Fábrica
Saco de Lixo 40 Litros Preto Micra 4 - c/ 100un,29/04/2026,4 ,Compras,Estoque - MH
Saco de Lixo 60 Litros Preto Micra 8 - c/ 100un,29/04/2026,3 ,Compras,Estoque - MH
Veja Multi Uso 500ml,29/04/2026,6 ,Compras,Estoque - MH
Esponja Multiuso Dupla Face AM/VD,29/04/2026,12 ,Compras,Estoque - MH
Pano Multiuso - 28cm x 25mt,29/04/2026,4 ,Compras,Estoque - MH
Saco de Lixo 20 Litros Preto Micra 4 - c/ 100un,29/04/2026,4 ,Compras,Estoque - MH
Brownie,02/05/2026,2 ,Fábrica,Unidade - Alto da XV
Waffle,02/05/2026,10 ,Fábrica,Unidade - Alto da XV
Brownie,02/05/2026,5 ,Fábrica,Unidade - Ahú
Waffle,02/05/2026,10 ,Fábrica,Unidade - Ahú
Ki-Cascão Conny - c/ 120un,04/05/2026,1 ,Estoque - MH,Unidade - Alto da XV
Pázinha Curta Branca - c/ 500un,04/05/2026,1 ,Estoque - MH,Unidade - Alto da XV
Guardanapo 20x20 - c/ 100un,04/05/2026,2 ,Estoque - MH,Unidade - Alto da XV
Tampa p/ Pote 200ml - c/ 50un,04/05/2026,1 ,Estoque - MH,Unidade - Alto da XV
Plástico Filme 28cm x 100m,04/05/2026,1 ,Estoque - MH,Unidade - Alto da XV
Saco de Lixo 20 Litros Preto Micra 4 - c/ 100un,04/05/2026,1 ,Estoque - MH,Unidade - Alto da XV
Saco de Lixo 40 Litros Preto Micra 4 - c/ 100un,04/05/2026,1 ,Estoque - MH,Unidade - Alto da XV
Pano Multiuso - 28cm x 25mt,04/05/2026,2 ,Estoque - MH,Unidade - Alto da XV
Pote Kraft 80ml - c/ 50un,04/05/2026,2 ,Estoque - MH,Unidade - Ahú
Ki-Cascão Conny - c/ 120un,04/05/2026,1,Estoque - MH,Unidade - Ahú
Pázinha Curta Branca - c/ 500un,04/05/2026,1,Estoque - MH,Unidade - Ahú
Tampa p/ Pote 200ml - c/ 50un,04/05/2026,1,Estoque - MH,Unidade - Ahú
Embalagem Waffle Cama - c/ 50un,04/05/2026,1,Estoque - MH,Unidade - Ahú
Sacola PP - 25x21x10cm - c/ 20un,04/05/2026,1,Estoque - MH,Unidade - Ahú
Nutella Pote - 650gr,07/05/2026,2,Compras,Estoque - MH
Sanduíche de Carne - 1un,07/05/2026,4 ,Unidade - Ahú,Unidade - Alto da XV
Sanduíche de Pernil - 1un,07/05/2026,4 ,Unidade - Ahú,Unidade - Alto da XV
Sanduíche de Mortadela - 1un,07/05/2026,4 ,Unidade - Ahú,Unidade - Alto da XV
Sanduíche de Parma - 1un,07/05/2026,4 ,Unidade - Ahú,Unidade - Alto da XV
Morango Bandeja - c/ 250gr,07/05/2026,1 ,Compras,Unidade - Ahú
Banana,07/05/2026,2 ,Compras,Unidade - Ahú
Morango Bandeja - c/ 250gr,07/05/2026,1 ,Compras,Unidade - Alto da XV
Banana,07/05/2026,2 ,Compras,Unidade - Alto da XV
Waffle,07/05/2026,9 ,Fábrica,Unidade - Ahú
Waffle,07/05/2026,10 ,Fábrica,Unidade - Alto da XV
Coca Cola Sem Açucar - Lata - (350ml),07/05/2026,18 ,Compras,Unidade - Alto da XV
Água Crystal - Garrafa - (500ml),07/05/2026,36 ,Compras,Unidade - Alto da XV
Água Crystal Com Gás - Garrafa - (500ml),07/05/2026,36 ,Compras,Unidade - Alto da XV
Suco Del Valle Maracujá - Lata - (290ml),07/05/2026,6 ,Compras,Unidade - Alto da XV
Suco Del Valle Uva - Lata - (290ml),07/05/2026,12 ,Compras,Unidade - Alto da XV
Chá Matte Leao Limão - Copo - (300ml),07/05/2026,12 ,Compras,Unidade - Alto da XV
Chá Matte Leao - Copo - (300ml),07/05/2026,12 ,Compras,Unidade - Alto da XV
Waffle,09/05/2026,10,Fábrica,Unidade - Alto da XV
Nutella Pote - 650gr,09/05/2026,1 ,Fábrica,Unidade - Alto da XV
Pote Kraft 80ml - c/ 50un,11/05/2026,2 ,Estoque - MH,Unidade - Alto da XV
Pote 200ml Descartável - c/ 50un,11/05/2026,1,Estoque - MH,Unidade - Alto da XV
Embalagem Waffle Cama - c/ 50un,11/05/2026,1,Estoque - MH,Unidade - Alto da XV
Sacola P - 26x25x12cm - c/ 20un,11/05/2026,1 ,Estoque - MH,Unidade - Alto da XV
Saco de Lixo 60 Litros Preto Micra 8 - c/ 100un,11/05/2026,1,Estoque - MH,Unidade - Alto da XV
Veja Multi Uso 500ml,11/05/2026,1,Estoque - MH,Unidade - Alto da XV
Pote Kraft 80ml - c/ 50un,12/05/2026,2,Estoque - MH,Unidade - Ahú
Pote Kraft 120ml - c/ 50un,12/05/2026,1,Estoque - MH,Unidade - Ahú
Tampa p/ Pote Kraft 550ml - c/ 25un,12/05/2026,1,Estoque - MH,Unidade - Ahú
Pote 200ml Descartável - c/ 50un,12/05/2026,1,Estoque - MH,Unidade - Ahú
Cappuccino em Pó - 1kg,12/05/2026,1,Estoque - MH,Unidade - Ahú
Saco de Lixo 20 Litros Preto Micra 4 - c/ 100un,12/05/2026,1 ,Estoque - MH,Unidade - Ahú
Pano Multiuso - 28cm x 25mt,12/05/2026,1 ,Estoque - MH,Unidade - Ahú
Waffle,12/05/2026,10 ,Fábrica,Unidade - Alto da XV
Ki-Cascão Conny - c/ 120un,18/05/2026,1 ,Estoque - MH,Unidade - Ahú
Pote Kraft 550ml - c/ 25un,18/05/2026,1 ,Estoque - MH,Unidade - Ahú
Guardanapo 20x20 - c/ 100un,18/05/2026,2 ,Estoque - MH,Unidade - Ahú
Embalagem Waffle Cama - c/ 50un,18/05/2026,1 ,Estoque - MH,Unidade - Ahú
Garfo Forte - c/ 50un (STRAWPLAST),18/05/2026,1 ,Estoque - MH,Unidade - Ahú
Saco de Lixo 20 Litros Preto Micra 4 - c/ 100un,18/05/2026,1 ,Estoque - MH,Unidade - Ahú
Pote Kraft 120ml - c/ 50un,18/05/2026,1 ,Estoque - MH,Unidade - Alto da XV
Ki-Cascão Conny - c/ 120un,18/05/2026,1 ,Estoque - MH,Unidade - Alto da XV
Guardanapo 20x20 - c/ 100un,18/05/2026,2 ,Estoque - MH,Unidade - Alto da XV
Tampa p/ Pote 200ml - c/ 50un,18/05/2026,1 ,Estoque - MH,Unidade - Alto da XV
Canudo Biodegradável - c/ 100un,18/05/2026,1,Estoque - MH,Unidade - Alto da XV
Veja Multi Uso 500ml,18/05/2026,1,Estoque - MH,Unidade - Alto da XV
Álcool Líquido 70% - 5 Litros,18/05/2026,1,Estoque - MH,Unidade - Alto da XV
Sanduíche de Pernil - 1un,20/05/2026,3,Unidade - Ahú,Unidade - Alto da XV
Sanduíche de Frango - 1un,20/05/2026,4,Unidade - Ahú,Unidade - Alto da XV
Sanduíche de Carne - 1un,20/05/2026,4 ,Unidade - Ahú,Unidade - Alto da XV
Sanduíche de Parma - 1un,20/05/2026,4 ,Unidade - Ahú,Unidade - Alto da XV
Sanduíche de Mortadela - 1un,20/05/2026,3,Unidade - Ahú,Unidade - Alto da XV
Waffle,22/05/2026,10 ,Fábrica,Unidade - Ahú
Brownie,24/05/2026,2 ,Unidade - Ahú,Unidade - Alto da XV
Waffle,24/05/2026,10 ,Fábrica,Unidade - Alto da XV
Pote Kraft 80ml - c/ 50un,25/05/2026,2 ,Estoque - MH,Unidade - Alto da XV
Etiquetas Adesivas Brancas Grande - 50x30mm,25/05/2026,1 ,Estoque - MH,Unidade - Alto da XV
Veja Multi Uso 500ml,25/05/2026,1 ,Estoque - MH,Unidade - Alto da XV
Tampa p/ Pote Kraft 550ml - c/ 25un,25/05/2026,1 ,Estoque - MH,Unidade - Alto da XV
Pote Kraft 80ml - c/ 50un,25/05/2026,2 ,Estoque - MH,Unidade - Ahú
Ki-Cascão Conny - c/ 120un,25/05/2026,1 ,Estoque - MH,Unidade - Ahú
Pote Kraft 550ml - c/ 25un,25/05/2026,1 ,Estoque - MH,Unidade - Ahú
Tampa p/ Pote Kraft 550ml - c/ 25un,25/05/2026,1 ,Estoque - MH,Unidade - Ahú
Embalagem Waffle Cama - c/ 50un,25/05/2026,1 ,Estoque - MH,Unidade - Ahú
Garfo Forte - c/ 50un (STRAWPLAST),25/05/2026,1 ,Estoque - MH,Unidade - Ahú
Waffle,25/05/2026,9 ,Fábrica,Unidade - Ahú
Mini Óreo - 35gr,25/05/2026,5 ,Estoque - MH,Unidade - Ahú
Mini Óreo - 35gr,25/05/2026,5 ,Estoque - MH,Unidade - Alto da XV
Pázinha Curta Branca - c/ 500un,29/05/2026,2 ,Compras,Estoque - MH
Guardanapo Interfolhado 10x20 ROSA - c/ 5.000un,29/05/2026,1 ,Compras,Estoque - MH
Bobina Impressora - 80mm,29/05/2026,4 ,Compras,Estoque - MH
Nutella Pote - 650gr,29/05/2026,1 ,Compras,Estoque - MH
Papel Interfolhado 20x20 Branco 2 Dobras - c/ 1.000un,29/05/2026,4 ,Compras,Estoque - MH
Papel Interfolhado 20x20 Branco 2 Dobras - c/ 1.000un,29/05/2026,1 ,Estoque - MH,Unidade - Alto da XV
Papel Interfolhado 20x20 Branco 2 Dobras - c/ 1.000un,29/05/2026,1 ,Estoque - MH,Unidade - Ahú
Waffle,29/05/2026,9 ,Fábrica,Unidade - Alto da XV
Waffle,29/05/2026,10 ,Fábrica,Unidade - Ahú